folder,scenario,central_node,contact_node,pair_key,label,message_count,central_to_contact,contact_to_central,sent_ratio,received_ratio,reciprocity_ratio,message_share_in_scenario,first_message,last_message,duration_hours,active_days,mean_length,median_length,std_length,min_length,max_length,mean_gap_minutes,median_gap_minutes,std_gap_minutes,bursty_gap_ratio,night_ratio,evening_ratio,weekend_ratio,label_name,short_message_ratio,late_night_ratio,first_day_intensity,last_day_intensity,direction_switch_frequency,message_count_rank_in_scenario,message_count_pct_rank_in_scenario,duration_hours_rank_in_scenario,duration_hours_pct_rank_in_scenario,mean_length_rank_in_scenario,mean_length_pct_rank_in_scenario,evening_ratio_rank_in_scenario,evening_ratio_pct_rank_in_scenario,late_night_ratio_rank_in_scenario,late_night_ratio_pct_rank_in_scenario,short_message_ratio_rank_in_scenario,short_message_ratio_pct_rank_in_scenario,message_count_z_in_scenario,duration_hours_z_in_scenario,mean_length_z_in_scenario,median_length_z_in_scenario,reciprocity_ratio_z_in_scenario,evening_ratio_z_in_scenario,night_ratio_z_in_scenario,late_night_ratio_z_in_scenario,short_message_ratio_z_in_scenario,direction_switch_frequency_z_in_scenario,message_share_in_scenario_z_in_scenario
Dataset-1,perp_0,220.63.8.62,115.61.225.89,115.61.225.89|220.63.8.62,0,310,160,150,0.5161290322580645,0.4838709677419355,0.9375,0.0882687927107061,2008-03-11 17:39:44,2008-03-27 14:14:00,380.5711111111111,9,54.016129032258064,46.0,38.841153738339,1,243,73.89730312837109,0.3333333333333333,583.0235606819323,0.9676375404530744,0.0,0.2935483870967741,0.3516129032258064,Negative pair,0.18064516129032257,0.0,0.06774193548387097,0.0032258064516129032,0.6925566343042071,4.0,0.36363636363636365,7.0,0.6363636363636364,8.0,0.7272727272727273,4.0,0.36363636363636365,3.0,0.6363636363636364,6.0,0.5454545454545454,-0.031004625862757488,0.12553883660296208,0.4029268107265603,0.3950354266060984,0.4018051433191416,0.374420998356884,-0.39869788019668695,-0.398697880196687,-0.25450388740164964,-1.6776603068279776,-0.03100462586275764
Dataset-1,perp_0,220.63.8.62,135.24.98.94,135.24.98.94|220.63.8.62,0,118,63,55,0.5338983050847458,0.4661016949152542,0.873015873015873,0.0335990888382687,2008-03-11 16:15:57,2008-03-25 19:04:37,338.8111111111112,3,55.77966101694916,47.5,36.6825907983842,3,196,173.74928774928776,0.3333333333333333,1746.6561744419012,0.9829059829059827,0.0,0.3813559322033898,0.0,Negative pair,0.11864406779661017,0.0,0.3389830508474576,0.3813559322033898,0.7606837606837606,11.0,1.0,8.0,0.7272727272727273,10.0,0.9090909090909091,3.0,0.2727272727272727,3.0,0.6363636363636364,11.0,1.0,-0.6729827613739728,-0.19981907050367023,0.5570018391029422,0.5415092364712809,-0.5925609082755735,0.7250025744192194,-0.39869788019668695,-0.398697880196687,-0.6251032208398682,0.3400142004475129,-0.6729827613739734
Dataset-1,perp_0,220.63.8.62,14.62.127.28,14.62.127.28|220.63.8.62,0,230,115,115,0.5,0.5,1.0,0.0654897494305239,2008-03-17 14:56:13,2008-03-29 19:15:11,292.3161111111111,4,50.92173913043478,47.0,33.97854766353694,2,180,76.58937409024746,0.3333333333333333,768.852270154882,0.9868995633187772,0.0,0.4956521739130435,0.0478260869565217,Negative pair,0.1608695652173913,0.0,0.24782608695652175,0.04782608695652174,0.7816593886462883,5.0,0.45454545454545453,9.0,0.8181818181818182,3.0,0.2727272727272727,2.0,0.18181818181818182,3.0,0.6363636363636364,9.0,0.8181818181818182,-0.2984955156590972,-0.5620680142518243,0.1325783191370963,0.49268463318288674,1.3655753164032503,1.1813432739333551,-0.39869788019668695,-0.398697880196687,-0.3727086207377643,0.9612350277916802,-0.29849551565909704
Dataset-1,perp_0,220.63.8.62,156.43.42.60,156.43.42.60|220.63.8.62,0,365,191,174,0.5232876712328767,0.4767123287671233,0.9109947643979056,0.1039293849658314,2008-03-09 14:15:15,2008-03-31 19:53:49,533.6427777777777,6,51.85205479452055,42.0,36.50130457262926,2,193,87.96309523809525,0.2833333333333333,860.5220165862543,0.9807692307692308,0.0,0.0794520547945205,0.1150684931506849,Negative pair,0.1917808219178082,0.0,0.11506849315068493,0.3041095890410959,0.75,3.0,0.2727272727272727,1.0,0.09090909090909091,5.0,0.45454545454545453,5.0,0.45454545454545453,3.0,0.6363636363636364,4.0,0.36363636363636365,0.15289536087222608,1.3181412576755382,0.21385748707241137,0.004438600298945051,-0.006914144742707832,-0.4803828743234653,-0.39869788019668695,-0.398697880196687,-0.18794266769737292,0.023600567302910515,0.15289536087222602
Dataset-1,perp_0,220.63.8.62,189.148.12.135,189.148.12.135|220.63.8.62,0,136,71,65,0.5220588235294118,0.4779411764705882,0.9154929577464788,0.0387243735763098,2008-03-12 17:28:14,2008-03-16 18:04:29,96.60416666666669,3,48.52941176470589,36.0,36.517711491756366,0,205,42.93518518518519,0.2833333333333333,377.4983277627187,0.9703703703703704,0.0,0.0735294117647058,0.8529411764705882,Negative pair,0.19117647058823528,0.0,0.14705882352941177,0.7794117647058824,0.7777777777777778,9.0,0.8181818181818182,11.0,1.0,2.0,0.18181818181818182,6.0,0.5454545454545454,3.0,0.6363636363636364,5.0,0.45454545454545453,-0.6127973111697964,-2.08688670774354,-0.0764328640793155,-0.581456639161785,0.062449448571214324,-0.5040296979002538,-0.39869788019668695,-0.398697880196687,-0.19155505882278012,0.84627601347888,-0.6127973111697959
Dataset-1,perp_0,220.63.8.62,189.238.4.154,189.238.4.154|220.63.8.62,0,123,65,58,0.5284552845528455,0.4715447154471545,0.8923076923076924,0.0350227790432801,2008-03-13 14:17:34,2008-03-30 17:21:35,411.06694444444446,4,51.13821138211382,47.0,34.604460731124,4,197,202.16407103825136,0.3416666666666667,1835.010658292603,0.9672131147540984,0.056910569105691,0.0,0.902439024390244,Negative pair,0.1951219512195122,0.056910569105691054,0.0975609756097561,0.2601626016260163,0.7213114754098361,10.0,0.9090909090909091,4.0,0.36363636363636365,4.0,0.36363636363636365,9.0,0.9090909090909091,2.0,0.18181818181818182,3.0,0.2727272727272727,-0.6562645807617016,0.3631360710092366,0.15149091534157627,0.49268463318288674,-0.29507482798782847,-0.7976042082923543,0.7617936160286547,0.7617936160286554,-0.16797172489024373,-0.8260478443214504,-0.656264580761702
Dataset-1,perp_0,220.63.8.62,217.200.101.232,217.200.101.232|220.63.8.62,0,187,97,90,0.5187165775401069,0.481283422459893,0.9278350515463918,0.0532460136674259,2008-03-09 14:48:46,2008-03-26 16:52:30,410.0622222222222,7,55.80213903743316,48.0,37.58254225109759,3,216,132.27813620071686,0.35,892.4014933422428,0.967741935483871,0.0,0.053475935828877,0.5133689839572193,Negative pair,0.17647058823529413,0.0,0.13903743315508021,0.22459893048128343,0.7580645161290323,6.0,0.5454545454545454,5.0,0.45454545454545453,11.0,1.0,8.0,0.7272727272727273,3.0,0.6363636363636364,7.0,0.6363636363636364,-0.44227186892462983,0.3553081419037348,0.558965683067203,0.5903338397596751,0.252768518615414,-0.5840954734617356,-0.39869788019668695,-0.398697880196687,-0.2794565762076879,0.26244182587012715,-0.4422718689246301
Dataset-1,perp_0,220.63.8.62,47.238.189.27,220.63.8.62|47.238.189.27,0,1117,567,550,0.5076096687555953,0.4923903312444047,0.9700176366843032,0.3180523917995444,2008-03-12 15:14:18,2008-03-31 15:21:38,456.1222222222222,10,53.18442256042973,45.0,38.67825190020872,1,291,24.522700119474315,0.3166666666666666,318.660964914862,0.989247311827957,0.0,0.0653536257833482,0.0653536257833482,Negative pair,0.19695613249776187,0.0,0.3178155774395703,0.03939122649955237,0.7786738351254481,1.0,0.09090909090909091,3.0,0.2727272727272727,7.0,0.6363636363636364,7.0,0.6363636363636364,3.0,0.6363636363636364,2.0,0.18181818181818182,2.6673097249578195,0.7141679407861943,0.3302628616968992,0.2973862200293101,0.9032375966874142,-0.536672450085302,-0.39869788019668695,-0.398697880196687,-0.15700826729907852,0.8728139310974607,2.667309724957819
Dataset-1,perp_0,220.63.8.62,82.10.101.74,220.63.8.62|82.10.101.74,0,184,85,99,0.4619565217391304,0.5380434782608695,0.8585858585858586,0.0523917995444191,2008-03-12 15:11:17,2008-03-29 16:45:42,409.5736111111111,4,54.59782608695652,47.5,35.45007505437835,5,174,134.28642987249543,0.3333333333333333,1503.0395891040948,0.9836065573770492,0.0,0.0,0.217391304347826,Negative pair,0.15217391304347827,0.0,0.5760869565217391,0.21739130434782608,0.7868852459016393,7.0,0.6363636363636364,6.0,0.5454545454545454,9.0,0.8181818181818182,9.0,0.9090909090909091,3.0,0.6363636363636364,10.0,0.9090909090909091,-0.45230277729199253,0.3515013054932906,0.4537481119488467,0.5415092364712809,-0.815076388352713,-0.7976042082923543,-0.39869788019668695,-0.398697880196687,-0.4246851701479706,1.1160056679628036,-0.4523027772919924
Dataset-1,perp_0,220.63.8.62,9.197.150.82,220.63.8.62|9.197.150.82,0,154,76,78,0.4935064935064935,0.5064935064935064,0.9743589743589745,0.0438496583143507,2008-03-15 14:43:59,2008-03-23 17:18:26,194.57416666666663,4,52.08441558441559,42.5,35.89739188491245,6,178,76.30359477124183,0.3,545.970014172909,0.9803921568627452,0.0,0.0,0.3246753246753247,Negative pair,0.16883116883116883,0.0,0.22077922077922077,0.1038961038961039,0.738562091503268,8.0,0.7272727272727273,10.0,0.9090909090909091,6.0,0.5454545454545454,9.0,0.9090909090909091,3.0,0.6363636363636364,8.0,0.7272727272727273,-0.55261186096562,-1.3235889548882525,0.23415822196546618,0.05326320358733922,0.970182424881566,-0.7976042082923543,-0.39869788019668695,-0.398697880196687,-0.32511970212192587,-0.3151481458283697,-0.5526118609656206
Dataset-1,perp_0,220.63.8.62,9.43.208.33,220.63.8.62|9.43.208.33,1,588,255,333,0.4336734693877551,0.5663265306122449,0.7657657657657657,0.1674259681093394,2008-03-10 19:32:12,2008-03-31 01:13:52,485.69444444444446,15,15.540816326530612,13.0,12.65596713394578,0,79,49.64508801817149,0.15,401.668343802247,0.9557069846678024,0.1581632653061224,0.7551020408163265,0.0850340136054421,Positive pair,0.7227891156462585,0.15816326530612246,0.44047619047619047,0.1564625850340136,0.6950596252129472,2.0,0.18181818181818182,2.0,0.18181818181818182,1.0,0.09090909090909091,1.0,0.09090909090909091,1.0,0.09090909090909091,1.0,0.09090909090909091,0.898526216179523,0.9445691939163305,-2.958557385979683,-2.8273883904279167,-2.2463921791191757,2.217226273938363,2.8264873057415283,2.8264873057415274,2.9860548961663405,-1.6035309369735808,0.8985262161795232
Dataset-1,perp_1,208.145.72.7,12.154.127.162,12.154.127.162|208.145.72.7,0,136,71,65,0.5220588235294118,0.4779411764705882,0.9154929577464788,0.0560362587556654,2009-09-18 02:28:14,2009-09-22 03:04:29,96.60416666666669,3,48.52941176470589,36.0,36.517711491756366,0,205,42.93518518518519,0.2833333333333333,377.4983277627187,0.9703703703703704,0.8823529411764706,0.1176470588235294,0.0,Negative pair,0.19117647058823528,0.8823529411764706,0.14705882352941177,0.6617647058823529,0.7777777777777778,7.0,0.6363636363636364,9.0,0.8181818181818182,2.0,0.18181818181818182,7.0,0.6363636363636364,5.0,0.45454545454545453,5.0,0.45454545454545453,-0.41623227974216737,-0.9911501315417781,-0.2581685685398252,-0.9323841898479286,-0.18249167785408127,-0.573060474526034,0.567501802412632,0.567501802412632,-0.07581491213222555,0.7927496685730772,-0.41623227974216725
Dataset-1,perp_1,208.145.72.7,14.118.139.175,14.118.139.175|208.145.72.7,0,309,159,150,0.5145631067961165,0.4854368932038835,0.9433962264150944,0.1273176761433869,2009-09-17 02:39:44,2009-09-30 23:57:57,333.30361111111114,8,54.006472491909385,46.0,38.90358121363644,1,243,64.9292748917749,0.3333333333333333,562.2887232646137,0.9707792207792209,0.5566343042071198,0.4433656957928802,0.4886731391585761,Negative pair,0.18122977346278318,0.5566343042071198,0.06796116504854369,0.06472491909385113,0.6948051948051948,2.0,0.18181818181818182,5.0,0.45454545454545453,8.0,0.7272727272727273,3.0,0.2727272727272727,9.0,0.8181818181818182,6.0,0.5454545454545454,0.4345625949617473,0.7645941980648072,0.4666969894497499,0.512154695831961,0.35118513212923347,0.767103532464351,-0.6749359868384752,-0.6749359868384752,-0.1973039967663459,-1.9327494685907711,0.43456259496174776
Dataset-1,perp_1,208.145.72.7,174.239.124.28,174.239.124.28|208.145.72.7,0,130,69,61,0.5307692307692308,0.4692307692307692,0.8840579710144928,0.053564070869386,2009-09-14 23:15:15,2009-09-25 04:21:23,245.10222222222225,5,54.01538461538462,42.0,36.22196201953145,4,171,114.00103359173129,0.3,833.5768202624536,0.9689922480620154,0.3384615384615385,0.6615384615384615,0.0,Negative pair,0.16923076923076924,0.3384615384615385,0.3230769230769231,0.046153846153846156,0.7364341085271318,8.0,0.7272727272727273,6.0,0.5454545454545454,9.0,0.8181818181818182,2.0,0.18181818181818182,10.0,0.9090909090909091,7.0,0.6363636363636364,-0.4457396164371008,0.11035063290325571,0.4678764708682526,-0.06566085843999481,-0.783715987458467,1.6647718104551055,-1.5071453171668663,-1.5071453171668663,-0.34385998638607135,-0.565315017771053,-0.4457396164371012
Dataset-1,perp_1,208.145.72.7,197.208.218.6,197.208.218.6|208.145.72.7,0,154,76,78,0.4935064935064935,0.5064935064935064,0.9743589743589745,0.0634528224145035,2009-09-20 23:43:59,2009-09-29 02:18:26,194.57416666666663,5,52.08441558441559,42.5,35.89739188491245,6,178,76.30359477124183,0.3,545.970014172909,0.9803921568627452,0.7467532467532467,0.2532467532467532,0.7207792207792207,Negative pair,0.16883116883116883,0.7467532467532467,0.22077922077922077,0.1038961038961039,0.738562091503268,5.0,0.45454545454545453,8.0,0.7272727272727273,5.0,0.45454545454545453,5.0,0.45454545454545453,7.0,0.6363636363636364,8.0,0.7272727272727273,-0.327710269657367,-0.2644468121686333,0.2123209797374069,0.006566085843999685,0.943377421400095,-0.015137748593715685,0.050263408779758996,0.050263408779758996,-0.34874071072648155,-0.4954146295033383,-0.32771026965736644
Dataset-1,perp_1,208.145.72.7,20.51.169.18,20.51.169.18|208.145.72.7,0,797,399,398,0.5006273525721455,0.4993726474278545,0.9974937343358397,0.3283889575607746,2009-09-18 00:14:18,2009-10-01 23:59:51,335.75916666666666,6,52.68130489335006,45.0,39.10056928932041,1,291,25.308479899497488,0.3166666666666666,346.4010809051061,0.9899497487437184,0.9222082810539524,0.0777917189460476,0.3099121706398996,Negative pair,0.20326223337515684,0.9222082810539524,0.4454203262233375,0.07653701380175659,0.7801507537688442,1.0,0.09090909090909091,4.0,0.36363636363636365,6.0,0.5454545454545454,9.0,0.8181818181818182,3.0,0.2727272727272727,3.0,0.2727272727272727,2.8344926461496684,0.7828085532054356,0.29131672645787643,0.36770080726397214,1.3858519232519118,-0.7370446189002956,0.7195280445336485,0.7195280445336485,0.07180074757566754,0.8706976338461269,2.8344926461496676
Dataset-1,perp_1,208.145.72.7,21.63.195.69,208.145.72.7|21.63.195.69,0,219,110,109,0.502283105022831,0.4977168949771689,0.990909090909091,0.0902348578491965,2009-09-22 23:56:13,2009-10-01 04:11:18,196.2513888888889,4,50.73972602739726,46.0,34.44180880169107,2,180,54.01414373088685,0.3333333333333333,687.016976601852,0.9908256880733946,0.6712328767123288,0.3287671232876712,0.0,Negative pair,0.1643835616438356,0.6712328767123288,0.0593607305936073,0.4703196347031963,0.7844036697247706,4.0,0.36363636363636365,7.0,0.6363636363636364,3.0,0.2727272727272727,4.0,0.36363636363636365,8.0,0.7272727272727273,9.0,0.8181818181818182,-0.008047455462254528,-0.25200583068230764,0.0343570690526843,0.512154695831961,1.2599142942021178,0.29558957933918617,-0.23780534427072342,-0.23780534427072342,-0.4030638412276215,1.0103982235232956,-0.008047455462254499
Dataset-1,perp_1,208.145.72.7,41.52.216.229,208.145.72.7|41.52.216.229,0,106,49,57,0.4622641509433962,0.5377358490566038,0.8596491228070176,0.0436753193242686,2009-09-18 00:11:17,2009-09-18 00:51:28,0.6697222222222222,1,53.64150943396226,46.0,34.995198775607065,5,174,0.3826984126984127,0.35,0.2506913594888108,1.0,1.0,0.0,0.0,Negative pair,0.14150943396226415,1.0,1.0,1.0,0.8,10.0,0.9090909090909091,11.0,1.0,7.0,0.6363636363636364,11.0,1.0,1.0,0.09090909090909091,10.0,0.9090909090909091,-0.5637689632168347,-1.7027544922644116,0.4183956899351292,0.512154695831961,-1.2505586502818344,-1.0571173747715383,1.016260746747632,1.016260746747632,-0.6824487263597101,1.5227094374830474,-0.5637689632168347
Dataset-1,perp_1,208.145.72.7,55.108.50.145,208.145.72.7|55.108.50.145,0,118,63,55,0.5338983050847458,0.4661016949152542,0.873015873015873,0.0486196950968273,2009-09-17 01:15:57,2009-10-01 04:04:37,338.8111111111112,3,55.77966101694916,47.5,36.6825907983842,3,196,173.74928774928776,0.3333333333333333,1746.6561744419012,0.9829059829059827,0.9152542372881356,0.0847457627118644,0.0,Negative pair,0.11864406779661017,0.9152542372881356,0.423728813559322,0.3813559322033898,0.7606837606837606,9.0,0.8181818181818182,2.0,0.18181818181818182,11.0,1.0,8.0,0.7272727272727273,4.0,0.36363636363636365,11.0,1.0,-0.5047542898269677,0.805446688944134,0.7013709055594838,0.7288355286839445,-0.9949067158785622,-0.7084323195099462,0.6930021851503863,0.6930021851503863,-0.9617265982254454,0.23124215402694528,-0.5047542898269679
Dataset-1,perp_1,208.145.72.7,57.161.181.201,208.145.72.7|57.161.181.201,1,246,125,121,0.508130081300813,0.491869918699187,0.968,0.1013597033374536,2009-09-15 01:44:58,2009-10-01 22:51:22,405.1066666666667,5,28.54471544715447,24.0,23.438989140125045,0,174,99.20979591836736,0.2333333333333333,849.5182605582735,0.9591836734693876,0.991869918699187,0.008130081300813,0.0,Positive pair,0.43089430894308944,0.991869918699187,0.44715447154471544,0.08943089430894309,0.746938775510204,3.0,0.2727272727272727,1.0,0.09090909090909091,1.0,0.09090909090909091,10.0,0.9090909090909091,2.0,0.18181818181818182,1.0,0.09090909090909091,0.12473555966494604,1.2972013105824818,-2.903057637511417,-2.665830852663796,0.8217559299910898,-1.0236662881692067,0.9852489497813918,0.9852489497813918,2.8521018008115755,-0.2202557250162696,0.12473555966494589
Dataset-1,perp_1,208.145.72.7,66.15.222.173,208.145.72.7|66.15.222.173,0,67,36,31,0.5373134328358209,0.4626865671641791,0.8611111111111112,0.0276060980634528,2009-09-18 23:17:34,2009-09-21 00:06:19,48.8125,3,50.865671641791046,45.0,36.65445566464308,4,197,44.375,0.3333333333333333,269.1378055366948,0.9696969696969696,0.2238805970149253,0.6716417910447762,0.5970149253731343,Negative pair,0.208955223880597,0.22388059701492538,0.1791044776119403,0.22388059701492538,0.7272727272727273,11.0,1.0,10.0,0.9090909090909091,4.0,0.36363636363636365,1.0,0.09090909090909091,11.0,1.0,2.0,0.18181818181818182,-0.7555666517339021,-1.3456501091373847,0.05102543235938517,0.36770080726397214,-1.2225967199564758,1.7063417945404833,-1.9442087069250527,-1.9442087069250527,0.14133500569305527,-0.8662498062223073,-0.7555666517339017
Dataset-1,perp_1,208.145.72.7,72.12.147.170,208.145.72.7|72.12.147.170,0,145,76,69,0.5241379310344828,0.4758620689655172,0.9078947368421052,0.0597445405850844,2009-09-14 23:48:46,2009-09-29 01:17:50,337.4844444444444,6,54.39310344827586,47.0,37.54249023609422,3,216,140.61851851851853,0.35,949.1186436086324,0.9652777777777778,0.8206896551724138,0.1793103448275862,0.2344827586206896,Negative pair,0.19310344827586207,0.8206896551724138,0.1793103448275862,0.2689655172413793,0.7430555555555556,6.0,0.5454545454545454,3.0,0.2727272727272727,10.0,0.9090909090909091,6.0,0.5454545454545454,6.0,0.5454545454545454,4.0,0.36363636363636365,-0.37197127469976715,0.7956059920943999,0.5178659426312717,0.6566085843999501,-0.327814949545025,-0.3193478923283903,0.33229021779566664,0.33229021779566664,-0.052278782256398905,-0.34781247034874946,-0.37197127469976743
Dataset-2,perp_2,211.126.63.60,112.170.107.232,112.170.107.232|211.126.63.60,1,571,272,299,0.4763572679509632,0.5236427320490368,0.9096989966555185,0.105995916094301,2009-09-15 20:36:45,2009-10-20 19:04:51,838.4683333333334,16,26.85288966725044,22.0,22.51349635040117,1,186,88.2598245614035,0.2,694.0760251107209,0.9614035087719298,0.0035026269702276,0.9807355516637478,0.1961471103327495,Positive pair,0.46935201401050786,0.0035026269702276708,0.3309982486865149,0.021015761821366025,0.787719298245614,3.0,0.2727272727272727,3.0,0.2727272727272727,1.0,0.09090909090909091,1.0,0.09090909090909091,2.0,0.18181818181818182,1.0,0.09090909090909091,0.24458287156042532,0.8683602717554256,-2.9319960714394955,-2.8952221118820565,-1.2094320088467747,2.5163943774701476,0.16374462053051547,0.16374462053052424,2.9608845088090523,1.4164191772333081,0.2445828715604248
Dataset-2,perp_2,211.126.63.60,148.191.3.83,148.191.3.83|211.126.63.60,0,1307,662,645,0.5065034429992349,0.4934965570007651,0.974320241691843,0.2426211249303879,2009-09-17 17:14:18,2009-10-19 16:21:59,767.1280555555555,16,53.096403978576895,45.0,38.88784663606128,1,291,35.24324910668709,0.3166666666666666,365.4957730309939,0.98468606431853,0.0,0.603672532517215,0.0841622035195103,Negative pair,0.19586840091813312,0.0,0.27161438408569244,0.009181331293037491,0.774885145482389,1.0,0.09090909090909091,7.0,0.6363636363636364,9.0,0.8181818181818182,4.0,0.36363636363636365,3.0,0.6363636363636364,5.0,0.45454545454545453,2.459507847123293,0.19604741259173947,0.3682238393920752,0.33161134321116115,0.9339449826838232,0.11946988811648233,-0.34921587355862543,-0.3492158735586262,-0.13821938481348822,0.82463070397912,2.459507847123293
Dataset-2,perp_2,211.126.63.60,160.100.103.227,160.100.103.227|211.126.63.60,0,274,135,139,0.4927007299270073,0.5072992700729927,0.9712230215827338,0.0508631891590866,2009-09-22 16:56:13,2009-10-18 20:13:37,627.29,7,50.81021897810219,46.0,34.507384769085064,2,180,137.86593406593408,0.3333333333333333,1017.3931265221214,0.978021978021978,0.0,0.5474452554744526,0.1277372262773722,Negative pair,0.17153284671532848,0.0,0.20802919708029197,0.058394160583941604,0.7619047619047619,9.0,0.8181818181818182,10.0,0.9090909090909091,4.0,0.36363636363636365,7.0,0.6363636363636364,3.0,0.6363636363636364,8.0,0.7272727272727273,-0.6492115818936124,-1.1217905028043678,0.08072753958611573,0.4719084499543445,0.83121544975949,-0.23795720091103,-0.34921587355862543,-0.3492158735586262,-0.4139887807586125,0.2260994630491684,-0.6492115818936126
Dataset-2,perp_2,211.126.63.60,203.163.252.234,203.163.252.234|211.126.63.60,0,308,162,146,0.525974025974026,0.474025974025974,0.9012345679012346,0.0571746797846667,2009-09-18 16:17:34,2009-10-20 19:28:27,771.1813888888889,7,53.201298701298704,44.5,38.60049792258924,2,262,150.71948968512484,0.3333333333333333,1410.9552965225405,0.973941368078176,0.0227272727272727,0.5714285714285714,0.7694805194805194,Negative pair,0.2077922077922078,0.022727272727272728,0.03896103896103896,0.07142857142857142,0.739413680781759,7.0,0.6363636363636364,6.0,0.5454545454545454,10.0,0.9090909090909091,6.0,0.5454545454545454,1.0,0.09090909090909091,2.0,0.18181818181818182,-0.5468916781311973,0.23424614418296563,0.38141474242285817,0.26146278983956944,-1.4901827407180648,-0.0854994036005124,2.9791982414971137,2.979198241497112,-0.0030993463862995924,-0.8109742577620941,-0.5468916781311977
Dataset-2,perp_2,211.126.63.60,209.174.39.128,209.174.39.128|211.126.63.60,0,247,121,126,0.4898785425101215,0.5101214574898786,0.9603174603174603,0.0458511230740672,2009-09-20 16:43:59,2009-10-12 17:28:59,528.75,5,50.20647773279352,43.0,34.05380772229672,5,178,128.96341463414635,0.3,1342.2141701262203,0.983739837398374,0.0,0.3765182186234818,0.1376518218623481,Negative pair,0.1700404858299595,0.0,0.13765182186234817,0.3765182186234818,0.7398373983739838,10.0,0.9090909090909091,11.0,1.0,2.0,0.18181818181818182,11.0,1.0,3.0,0.6363636363636364,9.0,0.8181818181818182,-0.7304656231167067,-2.0504343377548686,0.004804823782082529,0.051017129724794406,0.4694964967653917,-1.3245108529983816,-0.34921587355862543,-0.3492158735586262,-0.4309001465923481,-0.7914364517518552,-0.7304656231167056
Dataset-2,perp_2,211.126.63.60,218.91.182.147,211.126.63.60|218.91.182.147,0,459,239,220,0.5206971677559913,0.4793028322440087,0.9205020920502092,0.0852051234453313,2009-09-16 19:39:44,2009-10-19 16:10:51,788.5186111111111,11,52.22875816993464,44.0,38.35236755032132,1,243,103.29938136826785,0.3333333333333333,1121.1195300140062,0.9716157205240176,0.0,0.5446623093681917,0.5010893246187363,Negative pair,0.19825708061002179,0.0,0.0457516339869281,0.09803921568627451,0.7314410480349345,4.0,0.36363636363636365,5.0,0.45454545454545453,6.0,0.5454545454545454,8.0,0.7272727272727273,3.0,0.6363636363636364,3.0,0.2727272727272727,-0.09247092906870674,0.39763263222673934,0.25911413940060374,0.19131423646797777,-0.8511116748254411,-0.25564790865995346,-0.34921587355862543,-0.3492158735586262,-0.11115097493677359,-1.1785958879626364,-0.09247092906870658
Dataset-2,perp_2,211.126.63.60,28.107.153.133,211.126.63.60|28.107.153.133,0,203,105,98,0.5172413793103449,0.4827586206896552,0.9333333333333332,0.0376833116762576,2009-09-16 18:15:57,2009-10-13 18:51:20,648.5897222222222,7,53.02463054187192,44.0,35.39578311468648,2,196,192.6504125412541,0.3166666666666666,1625.9214149217676,0.9702970297029704,0.0,0.6798029556650246,0.1576354679802955,Negative pair,0.15270935960591134,0.0,0.19704433497536947,0.21674876847290642,0.7277227722772277,11.0,1.0,9.0,0.8181818181818182,8.0,0.7272727272727273,2.0,0.18181818181818182,3.0,0.6363636363636364,11.0,1.0,-0.8628796162210086,-0.9210612991528058,0.35919806174383045,0.19131423646797777,-0.425521184831534,0.6034178394188286,-0.34921587355862543,-0.3492158735586262,-0.6272956825240363,-1.3500472314511183,-0.8628796162210083
Dataset-2,perp_2,211.126.63.60,46.158.38.27,211.126.63.60|46.158.38.27,0,423,212,211,0.5011820330969267,0.4988179669030733,0.9952830188679244,0.0785223686653053,2009-09-17 17:11:17,2009-10-17 18:27:24,721.2686111111111,11,52.16548463356974,44.0,36.59478499178423,1,211,102.55003949447078,0.3083333333333333,1056.72133357781,0.966824644549763,0.0,0.4799054373522459,0.2907801418439716,Negative pair,0.19621749408983452,0.0,0.25059101654846333,0.014184397163120567,0.7843601895734598,6.0,0.5454545454545454,8.0,0.7272727272727273,5.0,0.45454545454545453,9.0,0.8181818181818182,3.0,0.6363636363636364,4.0,0.36363636363636365,-0.2008096506994992,-0.23613332982340499,0.251157255956451,0.19131423646797777,1.6292447134850365,-0.6672961597673939,-0.34921587355862543,-0.3492158735586262,-0.13426347683266374,1.2615291872773564,-0.200809650699499
Dataset-2,perp_2,211.126.63.60,55.123.80.107,211.126.63.60|55.123.80.107,0,886,452,434,0.510158013544018,0.4898419864559819,0.9601769911504424,0.1644700204195285,2009-09-14 16:15:15,2009-10-20 16:22:42,864.1241666666666,13,52.57674943566592,44.0,36.61581830515576,1,201,58.58468926553672,0.3,618.1063175882292,0.9819209039548022,0.0,0.435665914221219,0.4130925507900677,Negative pair,0.1873589164785553,0.0,0.04740406320541761,0.15011286681715574,0.7570621468926554,2.0,0.18181818181818182,1.0,0.09090909090909091,7.0,0.6363636363636364,10.0,0.9090909090909091,3.0,0.6363636363636364,6.0,0.5454545454545454,1.1925466858298592,1.1101415936096726,0.3028753403715488,0.19131423646797777,0.4648373729673828,-0.9485191676086321,-0.34921587355862543,-0.3492158735586262,-0.23464847634559574,0.002804338124057358,1.1925466858298603
Dataset-2,perp_2,211.126.63.60,69.31.202.187,211.126.63.60|69.31.202.187,0,284,145,139,0.5105633802816901,0.4894366197183099,0.9586206896551724,0.0527195099313161,2009-09-17 19:28:14,2009-10-20 18:10:58,790.7122222222222,8,50.57746478873239,42.5,34.5174632151921,0,205,167.6421672555948,0.3,1547.0429829497086,0.9646643109540636,0.0,0.6232394366197183,0.0352112676056338,Negative pair,0.17253521126760563,0.0,0.07042253521126761,0.017605633802816902,0.7773851590106007,8.0,0.7272727272727273,4.0,0.36363636363636365,3.0,0.2727272727272727,3.0,0.2727272727272727,3.0,0.6363636363636364,7.0,0.6363636363636364,-0.6191174925517255,0.41830528733747824,0.05145783123169183,-0.01913142364679728,0.41321749447430733,0.24385331805422053,-0.34921587355862543,-0.3492158735586262,-0.40263003113677664,0.9399074360135494,-0.619117492551725
Dataset-2,perp_2,211.126.63.60,83.67.71.107,211.126.63.60|83.67.71.107,0,425,221,204,0.52,0.48,0.9230769230769232,0.0788936328197512,2009-09-14 16:48:46,2009-10-20 16:21:29,863.5452777777778,14,57.11058823529412,50.0,38.548603464532185,1,236,122.1998034591195,0.3666666666666666,878.8852803493565,0.9693396226415094,0.0,0.5905882352941176,0.2235294117647059,Negative pair,0.16705882352941176,0.0,0.0611764705882353,0.05647058823529412,0.7452830188679245,5.0,0.45454545454545453,2.0,0.18181818181818182,11.0,1.0,5.0,0.45454545454545453,3.0,0.6363636363636364,10.0,0.9090909090909091,-0.19479083283112184,1.1046861278314304,0.8730224975522449,1.033096876927078,-0.7657089009136132,0.0362952704862226,-0.34921587355862543,-0.3492158735586262,-0.4646882084824545,-0.540336476748825,-0.1947908328311215
Dataset-2,perp_3,143.62.207.101,163.242.66.110,143.62.207.101|163.242.66.110,1,533,286,247,0.5365853658536586,0.4634146341463415,0.8636363636363636,0.0941031073446327,2008-02-26 23:31:01,2008-04-04 00:37:35,889.1094444444444,13,22.9906191369606,19.0,19.420060472933432,1,133,100.27550125313284,0.3416666666666667,1703.7067081388172,0.9680451127819548,0.3264540337711069,0.6191369606003753,0.0075046904315197,Positive pair,0.5365853658536586,0.32645403377110693,0.00375234521575985,0.024390243902439025,0.7725563909774437,4.0,0.36363636363636365,3.0,0.2727272727272727,1.0,0.09090909090909091,11.0,1.0,1.0,0.09090909090909091,1.0,0.09090909090909091,0.0509798715246027,0.9540346920980233,-2.962123330779515,-2.9421886291105213,-2.2329892969719753,-1.5019835077786738,2.910406716707115,2.9104067167071146,2.981012987127458,0.8780447784950743,0.05097987152460217
Dataset-2,perp_3,143.62.207.101,178.70.97.124,143.62.207.101|178.70.97.124,0,284,145,139,0.5105633802816901,0.4894366197183099,0.9586206896551724,0.0501412429378531,2008-02-28 20:28:14,2008-04-01 20:10:58,791.7122222222222,8,50.57746478873239,42.5,34.5174632151921,0,205,167.85418138987043,0.3,1547.812446635554,0.9646643109540636,0.0,0.926056338028169,0.0352112676056338,Negative pair,0.17253521126760563,0.0,0.07042253521126761,0.017605633802816902,0.7773851590106007,8.0,0.7272727272727273,6.0,0.5454545454545454,3.0,0.2727272727272727,1.0,0.09090909090909091,5.0,0.7272727272727273,7.0,0.6363636363636364,-0.6506978576507066,0.17429541184696748,0.09020838272623256,0.028732310831157352,0.3938351087824085,1.1798528364566745,-0.44415415795625107,-0.444154157956251,-0.3858883645493403,1.1271571165312264,-0.650697857650706
Dataset-2,perp_3,143.62.207.101,181.129.191.35,143.62.207.101|181.129.191.35,0,274,135,139,0.4927007299270073,0.5072992700729927,0.9712230215827338,0.0483757062146892,2008-03-04 17:56:13,2008-03-30 22:13:37,628.29,7,50.81021897810219,46.0,34.507384769085064,2,180,138.0857142857143,0.3333333333333333,1019.194345643422,0.978021978021978,0.072992700729927,0.635036496350365,0.1277372262773722,Negative pair,0.17153284671532848,0.072992700729927,0.20802919708029197,0.058394160583941604,0.7619047619047619,9.0,0.8181818181818182,10.0,0.9090909090909091,4.0,0.36363636363636365,10.0,0.9090909090909091,2.0,0.18181818181818182,8.0,0.7272727272727273,-0.6788776861316427,-1.1340245076045943,0.11596134493991476,0.4712098976309818,0.7423569593262604,-1.3630546685892253,0.3059007737475724,0.30590077374757224,-0.39515868767218654,0.3285356275129749,-0.678877686131643
Dataset-2,perp_3,143.62.207.101,181.248.111.228,143.62.207.101|181.248.111.228,0,956,493,463,0.5156903765690377,0.4843096234309623,0.9391480730223124,0.1687853107344633,2008-02-25 17:15:15,2008-04-02 22:00:27,892.7533333333333,14,52.65794979079498,44.0,36.52535586275986,1,201,56.08921465968586,0.3166666666666666,598.0145640088944,0.9821989528795813,0.0,0.7133891213389121,0.3828451882845188,Negative pair,0.1893305439330544,0.0,0.043933054393305436,0.07322175732217573,0.7507853403141361,2.0,0.18181818181818182,2.0,0.18181818181818182,7.0,0.6363636363636364,8.0,0.7272727272727273,5.0,0.7272727272727273,6.0,0.5454545454545454,1.2429866162682004,0.9832068105086939,0.32040252784266965,0.2183655623167964,-0.14468684277585764,-0.6784158584835858,-0.44415415795625107,-0.444154157956251,-0.23055749175391538,-0.24510657087596865,1.2429866162682008
Dataset-2,perp_3,143.62.207.101,183.23.100.141,143.62.207.101|183.23.100.141,0,247,121,126,0.4898785425101215,0.5101214574898786,0.9603174603174603,0.0436087570621468,2008-03-02 17:43:59,2008-03-24 18:28:59,528.75,5,50.20647773279352,43.0,34.05380772229672,5,178,128.96341463414635,0.3,1342.2141701262203,0.983739837398374,0.0,0.805668016194332,0.1376518218623481,Negative pair,0.1700404858299595,0.0,0.13765182186234817,0.3765182186234818,0.7398373983739838,10.0,0.9090909090909091,11.0,1.0,2.0,0.18181818181818182,7.0,0.6363636363636364,5.0,0.7272727272727273,9.0,0.8181818181818182,-0.7549632230301703,-1.9309183633564815,0.04916071926966,0.0919433946597037,0.4407598886222244,0.12790955538624818,-0.44415415795625107,-0.444154157956251,-0.40896071966926584,-0.8099022692131971,-0.7549632230301709
Dataset-2,perp_3,143.62.207.101,195.131.200.132,143.62.207.101|195.131.200.132,0,1370,696,674,0.5080291970802919,0.491970802919708,0.9683908045977012,0.2418785310734463,2008-02-28 18:14:18,2008-04-03 21:38:02,843.3955555555556,17,52.84963503649635,45.0,38.4933687038868,1,291,36.96401266130996,0.3166666666666666,377.3308308770684,0.9846603360116872,0.0532846715328467,0.8255474452554744,0.0270072992700729,Negative pair,0.19708029197080293,0.05328467153284672,0.2591240875912409,0.04598540145985401,0.7742878013148283,1.0,0.09090909090909091,4.0,0.36363636363636365,8.0,0.7272727272727273,6.0,0.5454545454545454,3.0,0.2727272727272727,3.0,0.2727272727272727,2.4096315153789556,0.5880600369033278,0.3416114388523218,0.3447877299738891,0.6640310185052202,0.3016143758691536,0.10338594218753996,0.10338594218754,-0.15888429833604953,0.967366873547933,2.409631515378955
Dataset-2,perp_3,143.62.207.101,204.60.60.112,143.62.207.101|204.60.60.112,0,203,105,98,0.5172413793103449,0.4827586206896552,0.9333333333333332,0.0358403954802259,2008-02-27 19:15:57,2008-03-25 19:51:20,648.5897222222222,7,53.02463054187192,44.0,35.39578311468648,2,196,192.6504125412541,0.3166666666666666,1625.9214149217676,0.9702970297029704,0.0,0.896551724137931,0.1576354679802955,Negative pair,0.15270935960591134,0.0,0.19704433497536947,0.21674876847290642,0.7277227722772277,11.0,1.0,9.0,0.8181818181818182,9.0,0.8181818181818182,3.0,0.2727272727272727,5.0,0.7272727272727273,11.0,1.0,-0.8789544683462891,-0.9715097003677148,0.36097372251176263,0.2183655623167964,-0.3054954810883989,0.9220439404638282,-0.44415415795625107,-0.444154157956251,-0.5692468549029646,-1.4348862839088878,-0.8789544683462898
Dataset-2,perp_3,143.62.207.101,30.24.246.203,143.62.207.101|30.24.246.203,0,512,264,248,0.515625,0.484375,0.9393939393939394,0.0903954802259887,2008-02-27 20:39:44,2008-04-02 20:10:03,839.5052777777778,12,52.443359375,44.0,38.63390768599003,1,243,98.57204827136334,0.3166666666666666,1069.7693429245232,0.9726027397260274,0.0,0.6640625,0.44921875,Negative pair,0.193359375,0.0,0.041015625,0.103515625,0.735812133072407,5.0,0.45454545454545453,5.0,0.45454545454545453,6.0,0.5454545454545454,9.0,0.8181818181818182,5.0,0.7272727272727273,5.0,0.45454545454545453,-0.008197768285363146,0.5569153869306612,0.29665928659597296,0.2183655623167964,-0.13788732318547478,-1.1094278296197224,-0.44415415795625107,-0.444154157956251,-0.1932970302650294,-1.0175625344415513,-0.008197768285362611
Dataset-2,perp_3,143.62.207.101,52.46.18.251,143.62.207.101|52.46.18.251,0,308,162,146,0.525974025974026,0.474025974025974,0.9012345679012346,0.0543785310734463,2008-02-29 17:17:34,2008-04-01 21:28:27,772.1813888888889,7,53.201298701298704,44.5,38.60049792258924,2,262,150.91492942453854,0.3333333333333333,1411.5277311725836,0.973941368078176,0.0227272727272727,0.8311688311688312,0.7694805194805194,Negative pair,0.2077922077922078,0.022727272727272728,0.03896103896103896,0.07142857142857142,0.739413680781759,7.0,0.6363636363636364,7.0,0.6363636363636364,10.0,0.9090909090909091,5.0,0.45454545454545453,4.0,0.36363636363636365,2.0,0.18181818181818182,-0.5830662692964599,0.01793614842475106,0.38052107607990876,0.2815766461453428,-1.1931979470186758,0.35073358487367345,-0.21061432694846993,-0.21061432694846968,-0.05981563045113858,-0.8317615259307252,-0.5830662692964597
Dataset-2,perp_3,143.62.207.101,80.86.45.247,143.62.207.101|80.86.45.247,0,423,212,211,0.5011820330969267,0.4988179669030733,0.9952830188679244,0.0746822033898305,2008-02-28 18:11:17,2008-03-29 19:27:24,721.2686111111111,11,52.16548463356974,44.0,36.59478499178423,1,211,102.55003949447078,0.3083333333333333,1056.72133357781,0.966824644549763,0.0,0.8605200945626478,0.2907801418439716,Negative pair,0.19621749408983452,0.0,0.25059101654846333,0.014184397163120567,0.7843601895734598,6.0,0.5454545454545454,8.0,0.7272727272727273,5.0,0.45454545454545453,4.0,0.36363636363636365,5.0,0.7272727272727273,4.0,0.36363636363636365,-0.2589982417656946,-0.3896595898751523,0.26591398514483305,0.2183655623167964,1.4077445103060688,0.6072025168076972,-0.44415415795625107,-0.444154157956251,-0.16686384542609134,1.4869934473419728,-0.258998241765694
Dataset-2,perp_3,143.62.207.101,99.209.227.49,143.62.207.101|99.209.227.49,0,554,283,271,0.5108303249097473,0.4891696750902527,0.9575971731448764,0.0978107344632768,2008-02-25 17:48:46,2008-04-03 19:36:29,913.7952777777778,15,56.45667870036101,49.0,38.12002373959909,1,236,99.1459614225437,0.35,780.6882409629478,0.9746835443037974,0.0,0.924187725631769,0.1714801444043321,Negative pair,0.16967509025270758,0.0,0.04693140794223827,0.2328519855595668,0.7468354430379747,3.0,0.2727272727272727,1.0,0.09090909090909091,11.0,1.0,2.0,0.18181818181818182,5.0,0.7272727272727273,10.0,0.9090909090909091,0.11015751133456854,1.151663674491518,0.7407108468162381,0.8504764006022599,0.36552940549820645,1.1635250546139224,-0.44415415795625107,-0.444154157956251,-0.4123400641014777,-0.4488786590588626,0.1101575113345685
Dataset-3,perp_4,58.12.70.0,116.17.226.61,116.17.226.61|58.12.70.0,0,410,205,205,0.5,0.5,1.0,0.1009106571498892,2008-09-29 03:11:17,2008-10-26 04:26:09,649.2477777777777,9,52.1219512195122,44.0,36.530772275193016,1,211,95.24417277913612,0.3,1062.546120540471,0.9706601466992664,0.9414634146341464,0.0,0.1024390243902439,Negative pair,0.1951219512195122,0.7536585365853659,0.25853658536585367,0.0024390243902439024,0.784841075794621,3.0,0.2727272727272727,3.0,0.2727272727272727,7.0,0.6363636363636364,2.0,0.5909090909090909,7.0,0.6363636363636364,4.0,0.36363636363636365,0.127663108797238,0.7071845982200459,0.2996463509338945,0.2165469573078084,0.8192736238930178,-0.3015113445777636,0.36204996817306223,-0.1254472505733013,-0.2102073331613472,0.8333102382101185,0.1276631087972379
Dataset-3,perp_4,58.12.70.0,125.17.2.232,125.17.2.232|58.12.70.0,0,203,105,98,0.5172413793103449,0.4827586206896552,0.9333333333333332,0.0499630814668963,2008-09-28 04:15:57,2008-10-25 04:51:20,648.5897222222222,7,53.02463054187192,44.0,35.39578311468648,2,196,192.6504125412541,0.3166666666666666,1625.9214149217676,0.9702970297029704,0.896551724137931,0.0,0.6354679802955665,Negative pair,0.15270935960591134,0.7339901477832512,0.19704433497536947,0.21674876847290642,0.7277227722772277,8.0,0.7272727272727273,4.0,0.36363636363636365,8.0,0.7272727272727273,2.0,0.5909090909090909,8.0,0.7272727272727273,11.0,1.0,-0.5226476266195651,0.7012885348391601,0.3840410527538361,0.2165469573078084,0.053451770601339814,-0.3015113445777636,0.15327586478662375,-0.21179670527158562,-0.4942976246989597,-0.23223246012589785,-0.5226476266195655
Dataset-3,perp_4,58.12.70.0,133.82.237.104,133.82.237.104|58.12.70.0,0,720,365,355,0.5069444444444444,0.4930555555555556,0.9726027397260274,0.1772089588973665,2008-09-26 02:15:15,2008-10-26 01:53:45,719.6416666666667,11,52.083333333333336,44.0,36.664223403445774,1,193,60.053546592489575,0.3,642.0001057607411,0.980528511821975,0.9916666666666668,0.0,0.3263888888888889,Negative pair,0.2013888888888889,0.9152777777777777,0.058333333333333334,0.04583333333333333,0.760778859527121,2.0,0.18181818181818182,1.0,0.09090909090909091,6.0,0.5454545454545454,2.0,0.5909090909090909,5.0,0.45454545454545453,2.0,0.18181818181818182,1.1015584130446243,1.3379016053358834,0.29603582734234746,0.2165469573078084,0.5045523143210958,-0.3015113445777636,0.5954221439778469,0.5841041766495942,-0.16822979578845204,0.38442927938035826,1.1015584130446245
Dataset-3,perp_4,58.12.70.0,138.45.24.246,138.45.24.246|58.12.70.0,0,310,160,150,0.5161290322580645,0.4838709677419355,0.9375,0.0762983017474772,2008-09-28 05:39:44,2008-10-14 02:14:00,380.5711111111111,9,54.016129032258064,46.0,38.841153738339,1,243,73.89730312837109,0.3333333333333333,583.0235606819323,0.9676375404530744,0.7709677419354839,0.0,0.4451612903225806,Negative pair,0.18064516129032257,0.7064516129032258,0.06774193548387097,0.0032258064516129032,0.6925566343042071,4.0,0.36363636363636365,11.0,1.0,10.0,0.9090909090909091,2.0,0.5909090909090909,9.0,0.8181818181818182,7.0,0.6363636363636364,-0.186496666766435,-1.700111628151775,0.47673977463473316,0.4282817600087765,0.10131563643207073,-0.3015113445777636,-0.4305071768742945,-0.33269819313642873,-0.30717654242309367,-0.8882572234387395,-0.1864966667664348
Dataset-3,perp_4,58.12.70.0,157.27.226.52,157.27.226.52|58.12.70.0,0,258,131,127,0.5077519379844961,0.4922480620155038,0.9694656488549618,0.0634998769382229,2008-10-04 02:56:13,2008-10-24 09:15:51,486.3272222222223,6,51.28294573643411,46.0,34.89465569358437,2,180,113.53942931258106,0.3333333333333333,910.3689187362768,0.980544747081712,0.7403100775193798,0.0,0.8488372093023255,Negative pair,0.17054263565891473,0.4806201550387597,0.22093023255813954,0.07751937984496124,0.7821011673151751,5.0,0.45454545454545453,8.0,0.7272727272727273,5.0,0.45454545454545453,2.0,0.5909090909090909,10.0,0.9090909090909091,8.0,0.7272727272727273,-0.34985975005954495,-0.7525552573211471,0.2212047429168073,0.4282817600087765,0.46851552314873773,-0.3015113445777636,-0.5730207703212794,-1.3241583191544093,-0.37484582040639186,0.7821972097306656,-0.3498597500595455
Dataset-3,perp_4,58.12.70.0,214.106.104.145,214.106.104.145|58.12.70.0,1,175,104,71,0.5942857142857143,0.4057142857142857,0.6826923076923077,0.043071621954221,2008-09-27 21:22:51,2008-10-16 00:24:59,435.0355555555556,4,17.337142857142858,15.0,13.269321991814389,0,67,150.0122605363985,0.2666666666666666,1759.5112803874615,0.9827586206896552,0.2742857142857143,0.7257142857142858,0.5828571428571429,Positive pair,0.6742857142857143,0.2742857142857143,0.5828571428571429,0.2742857142857143,0.603448275862069,9.0,0.8181818181818182,10.0,0.9090909090909091,1.0,0.09090909090909091,1.0,0.09090909090909091,11.0,1.0,1.0,0.09090909090909091,-0.6106123637773936,-1.2121196740710996,-2.952509156441394,-2.853607681856229,-2.8257438509087134,3.015113445777636,-2.739356918334752,-2.230021357746841,2.999353034757411,-2.550574814328245,-0.6106123637773931
Dataset-3,perp_4,58.12.70.0,25.127.110.126,25.127.110.126|58.12.70.0,0,128,68,60,0.53125,0.46875,0.8823529411764706,0.0315038149150873,2008-09-30 02:17:34,2008-10-20 04:32:22,482.2466666666666,6,51.0,47.0,33.97264524584449,4,197,227.83307086614172,0.3333333333333333,1835.278263536788,0.9606299212598424,0.9453125,0.0,0.0,Negative pair,0.1875,0.9453125,0.09375,0.0390625,0.7322834645669292,11.0,1.0,9.0,0.8181818181818182,4.0,0.36363636363636365,2.0,0.5909090909090909,3.0,0.2727272727272727,6.0,0.5454545454545454,-0.7582674582923199,-0.7891163257319623,0.19475113922158016,0.5341491613592605,-0.5321767054452358,-0.3015113445777636,0.379942622340281,0.7159645904331827,-0.2612610948310846,-0.14715268587859479,-0.75826745829232
Dataset-3,perp_4,58.12.70.0,3.174.137.43,3.174.137.43|58.12.70.0,0,257,132,125,0.5136186770428015,0.4863813229571984,0.946969696969697,0.0632537533841988,2008-09-26 02:48:46,2008-10-24 03:01:37,672.2141666666666,9,55.87548638132296,50.0,36.90433608196454,1,216,157.5501953125,0.3666666666666666,1071.712557533706,0.96875,1.0,0.0,0.0583657587548638,Negative pair,0.16731517509727625,0.9610894941634242,0.10116731517509728,0.07782101167315175,0.76171875,6.0,0.5454545454545454,2.0,0.18181818181818182,11.0,1.0,2.0,0.5909090909090909,2.0,0.18181818181818182,10.0,0.9090909090909091,-0.3530013478151817,0.9129594501695141,0.6505777092855891,0.8517513654107127,0.21009714968372992,-0.3015113445777636,0.634160035508195,0.7852297883350677,-0.3964641695097744,0.4019629484310654,-0.353001347815182
Dataset-3,perp_4,58.12.70.0,41.164.190.66,41.164.190.66|58.12.70.0,0,162,83,79,0.5123456790123457,0.4876543209876543,0.9518072289156626,0.0398720157519074,2008-09-29 05:28:14,2008-10-26 02:58:40,645.5072222222223,5,47.56172839506173,37.5,34.97511308465286,0,205,240.5616977225673,0.2833333333333333,1989.9194698982,0.9565217391304348,1.0,0.0,0.1604938271604938,Negative pair,0.19753086419753085,0.8950617283950617,0.12345679012345678,0.11728395061728394,0.7763975155279503,10.0,0.9090909090909091,5.0,0.45454545454545453,2.0,0.18181818181818182,2.0,0.5909090909090909,6.0,0.5454545454545454,3.0,0.2727272727272727,-0.651453134600671,0.673669870703367,-0.1267051074067234,-0.47159115147033787,0.2656674648869858,-0.3015113445777636,0.634160035508195,0.4953503464343081,-0.19407182330029454,0.6757955111249317,-0.6514531346006711
Dataset-3,perp_4,58.12.70.0,47.88.250.130,47.88.250.130|58.12.70.0,0,247,121,126,0.4898785425101215,0.5101214574898786,0.9603174603174603,0.0607925178439576,2008-10-02 02:43:59,2008-10-24 03:28:59,528.75,5,50.20647773279352,43.0,34.05380772229672,5,178,128.96341463414635,0.3,1342.2141701262203,0.983739837398374,1.0,0.0,0.1093117408906882,Negative pair,0.1700404858299595,1.0,0.13765182186234817,0.3765182186234818,0.7398373983739838,7.0,0.6363636363636364,7.0,0.6363636363636364,3.0,0.2727272727272727,2.0,0.5909090909090909,1.0,0.09090909090909091,9.0,0.8181818181818182,-0.384417325371549,-0.37245454324107097,0.12056191889767987,0.11067955595732436,0.36342728264797236,-0.3015113445777636,0.634160035508195,0.9560572513686181,-0.3782093472713171,-0.0062339520200240025,-0.38441732537154916
Dataset-3,perp_4,58.12.70.0,65.179.43.136,58.12.70.0|65.179.43.136,0,1193,603,590,0.5054484492875104,0.4945515507124895,0.978441127694859,0.2936253999507753,2008-09-29 03:14:18,2008-10-25 04:37:14,625.3822222222223,13,53.5766974015088,45.0,38.67004481019637,1,291,31.478970917225958,0.3166666666666666,351.9644466000412,0.9865771812080536,0.9388097233864208,0.0,0.1366303436714166,Negative pair,0.1944677284157586,0.9388097233864208,0.297569153394803,0.018440905280804692,0.7802013422818792,1.0,0.09090909090909091,6.0,0.5454545454545454,9.0,0.8181818181818182,2.0,0.5909090909090909,4.0,0.36363636363636365,5.0,0.45454545454545453,2.5875341514607975,0.4933533692490803,0.43565574786165095,0.32241435865829243,0.5716197907389928,-0.3015113445777636,0.34971415972793046,0.6874156726617915,-0.214589483366696,0.7467559489143676,2.5875341514607975
Dataset-3,perp_5,37.173.66.63,1.13.239.241,1.13.239.241|37.173.66.63,0,232,118,114,0.5086206896551724,0.4913793103448275,0.9661016949152542,0.0312247644683714,2008-01-21 15:15:57,2008-03-06 14:41:13,1079.421111111111,8,52.685344827586206,44.5,34.64711450967614,2,196,280.3691197691198,0.3333333333333333,2270.677798982701,0.9696969696969696,0.0,0.0905172413793103,0.1896551724137931,Negative pair,0.15948275862068967,0.0,0.1724137931034483,0.125,0.7316017316017316,11.0,1.0,4.0,0.36363636363636365,7.0,0.6363636363636364,6.0,0.5454545454545454,2.0,0.5909090909090909,11.0,1.0,-0.9764749581232128,0.7516057976948975,0.29137273354879684,0.3022820266274207,0.3877861361632512,-0.02260889841536817,-0.30151134457776363,-0.30151134457776363,-0.4358528139997878,-0.5130626884590433,-0.9764749581232126
Dataset-3,perp_5,37.173.66.63,10.223.218.141,10.223.218.141|37.173.66.63,0,476,242,234,0.5084033613445378,0.4915966386554621,0.9669421487603306,0.064064602960969,2008-01-22 14:11:17,2008-02-28 17:07:59,890.945,12,51.5,43.0,36.067251609395775,1,211,112.54042105263156,0.3,1095.2542812772735,0.9663157894736842,0.0,0.0504201680672268,0.0,Negative pair,0.19747899159663865,0.0,0.22268907563025211,0.11134453781512606,0.7789473684210526,7.0,0.6363636363636364,7.0,0.6363636363636364,3.0,0.2727272727272727,8.0,0.7272727272727273,2.0,0.5909090909090909,3.0,0.2727272727272727,-0.439193533850416,-0.6433510792165708,0.1896753565214754,0.16373609775651957,0.41886493217225573,-0.5245642500730101,-0.30151134457776363,-0.30151134457776363,-0.21647432846538708,1.0575120748147753,-0.4391935338504155
Dataset-3,perp_5,37.173.66.63,105.204.42.238,105.204.42.238|37.173.66.63,0,1766,892,874,0.5050962627406569,0.4949037372593431,0.9798206278026906,0.2376850605652759,2008-01-22 14:14:18,2008-03-06 20:50:45,1062.6075,21,53.07248018120045,45.0,38.20113309776155,1,291,36.12263456090651,0.3166666666666666,373.3051170154816,0.9852691218130312,0.0,0.0917327293318233,0.1568516421291053,Negative pair,0.1868629671574179,0.0,0.20101925254813138,0.050396375990939976,0.7779036827195468,1.0,0.09090909090909091,5.0,0.45454545454545453,8.0,0.7272727272727273,5.0,0.45454545454545453,2.0,0.5909090909090909,5.0,0.45454545454545453,2.4013517010344527,0.6271642315627712,0.3245872455632339,0.34846400291772106,0.8950928956809276,-0.007392808256103936,-0.30151134457776363,-0.30151134457776363,-0.27776796684650257,1.0228903750406193,2.401351701034453
Dataset-3,perp_5,37.173.66.63,117.95.29.75,117.95.29.75|37.173.66.63,1,724,374,350,0.5165745856353591,0.4834254143646408,0.9358288770053476,0.0974427994616419,2008-01-20 02:01:59,2008-03-06 15:49:03,1117.7844444444445,15,14.439226519337016,9.0,15.778697698453604,0,135,92.76219455970494,0.1666666666666666,879.9547001762114,0.9764868603042876,0.4986187845303867,0.0290055248618784,0.3853591160220994,Positive pair,0.755524861878453,0.4986187845303867,0.3342541436464088,0.4198895027624309,0.6721991701244814,4.0,0.36363636363636365,2.0,0.18181818181818182,1.0,0.09090909090909091,9.0,0.8181818181818182,1.0,0.09090909090909091,1.0,0.09090909090909091,0.10689578262357424,1.0355420235597874,-2.9899761388684034,-2.976638289983906,-0.7316599083179254,-0.7926435354886928,3.0151134457776356,3.0151134457776356,3.0055097550263397,-2.4835961989919078,0.10689578262357394
Dataset-3,perp_5,37.173.66.63,128.212.75.191,128.212.75.191|37.173.66.63,0,860,440,420,0.5116279069767442,0.4883720930232558,0.9545454545454546,0.1157469717362045,2008-01-21 16:39:44,2008-03-05 19:14:50,1058.585,17,53.36744186046512,45.0,37.99075604168352,1,243,73.9407450523865,0.3333333333333333,850.7612846911517,0.9743888242142026,0.0,0.1744186046511628,0.1093023255813953,Negative pair,0.18372093023255814,0.0,0.02441860465116279,0.04534883720930233,0.7369033760186263,3.0,0.2727272727272727,6.0,0.5454545454545454,9.0,0.8181818181818182,2.0,0.18181818181818182,2.0,0.5909090909090909,6.0,0.5454545454545454,0.4063641174641496,0.5973927448512882,0.34989366138982153,0.34846400291772106,-0.03954730896054879,1.0277106093923687,-0.30151134457776363,-0.30151134457776363,-0.2959091152731167,-0.3371937069771332,0.40636411746414947
Dataset-3,perp_5,37.173.66.63,161.189.97.241,161.189.97.241|37.173.66.63,0,284,145,139,0.5105633802816901,0.4894366197183099,0.9586206896551724,0.0382234185733512,2008-01-22 16:28:14,2008-02-24 15:10:58,790.7122222222222,8,50.57746478873239,42.5,34.5174632151921,0,205,167.6421672555948,0.3,1547.0429829497086,0.9646643109540636,0.0,0.2816901408450704,0.3908450704225352,Negative pair,0.17253521126760563,0.0,0.07042253521126761,0.017605633802816902,0.7773851590106007,10.0,0.9090909090909091,11.0,1.0,2.0,0.18181818181818182,1.0,0.09090909090909091,2.0,0.5909090909090909,9.0,0.8181818181818182,-0.8619723595076988,-1.3851978938010616,0.11052588961713838,0.1175541214662192,0.11114912892908585,2.3705897081729193,-0.30151134457776363,-0.30151134457776363,-0.36049199346785754,1.0056896294991087,-0.8619723595076987
Dataset-3,perp_5,37.173.66.63,172.212.198.141,172.212.198.141|37.173.66.63,0,352,186,166,0.5284090909090909,0.4715909090909091,0.8924731182795699,0.0473755047106325,2008-01-23 13:17:34,2008-02-27 14:27:27,841.1647222222222,9,54.06818181818182,44.5,39.18358464695548,2,262,143.7888414055081,0.3333333333333333,1337.341004091037,0.9686609686609686,0.0,0.0198863636363636,0.1534090909090909,Negative pair,0.20738636363636365,0.0,0.03409090909090909,0.125,0.7378917378917379,9.0,0.8181818181818182,9.0,0.8181818181818182,10.0,0.9090909090909091,10.0,0.9090909090909091,2.0,0.5909090909090909,2.0,0.18181818181818182,-0.7122381920874111,-1.0117868476081264,0.41001407025273673,0.3022820266274207,-2.3348946238800132,-0.906801786993712,-0.30151134457776363,-0.30151134457776363,-0.15927222963952437,-0.30440723880024695,-0.7122381920874109
Dataset-3,perp_5,37.173.66.63,205.125.4.67,205.125.4.67|37.173.66.63,0,363,181,182,0.4986225895316804,0.5013774104683195,0.9945054945054944,0.0488559892328398,2008-01-25 13:43:59,2008-02-28 14:18:07,816.5688888888889,7,52.04958677685951,43.0,37.69681528656442,3,234,135.34290976058932,0.3,1384.9968081986503,0.9834254143646408,0.0,0.0,0.3746556473829201,Negative pair,0.19559228650137742,0.0,0.09366391184573003,0.1349862258953168,0.7458563535911602,8.0,0.7272727272727273,10.0,0.9090909090909091,5.0,0.45454545454545453,11.0,1.0,2.0,0.5909090909090909,4.0,0.36363636363636365,-0.6880164885341293,-1.1938265058408615,0.23682748673267126,0.16373609775651957,1.4381185232624107,-1.155749299311886,-0.30151134457776363,-0.30151134457776363,-0.22736757955979006,-0.040200751000247864,-0.6880164885341287
Dataset-3,perp_5,37.173.66.63,216.117.32.66,216.117.32.66|37.173.66.63,0,559,275,284,0.4919499105545617,0.5080500894454383,0.9683098591549296,0.0752355316285329,2008-01-27 13:56:13,2008-03-03 14:50:41,864.9077777777778,10,51.51878354203936,44.0,35.39568191660304,2,211,93.00083632019115,0.3166666666666666,863.006928285004,0.9838709677419356,0.0,0.1198568872987477,0.4472271914132379,Negative pair,0.16815742397137745,0.0,0.10196779964221825,0.30590339892665475,0.7508960573476703,6.0,0.5454545454545454,8.0,0.7272727272727273,4.0,0.36363636363636365,3.0,0.2727272727272727,2.0,0.5909090909090909,10.0,0.9090909090909091,-0.25642977067565315,-0.8360588021234227,0.19128690188129707,0.25610005033712036,0.4694409306070974,0.3446795610284728,-0.30151134457776363,-0.30151134457776363,-0.3857679819492996,0.12697899492981246,-0.2564297706756531
Dataset-3,perp_5,37.173.66.63,5.171.218.209,37.173.66.63|5.171.218.209,0,1156,590,566,0.5103806228373703,0.4896193771626297,0.9593220338983052,0.1555854643337819,2008-01-19 13:15:15,2008-03-05 15:13:15,1105.9666666666667,19,52.682525951557096,44.0,36.32988140488384,1,201,57.452813852813854,0.3166666666666666,569.0301852218576,0.9809523809523808,0.0,0.0622837370242214,0.435121107266436,Negative pair,0.18166089965397925,0.0,0.03633217993079585,0.005190311418685121,0.7593073593073593,2.0,0.18181818181818182,3.0,0.2727272727272727,6.0,0.5454545454545454,7.0,0.6363636363636364,2.0,0.5909090909090909,7.0,0.6363636363636364,1.0581481403524604,0.9480758174515543,0.29113088637348206,0.25610005033712036,0.13708384835729115,-0.37605012084033274,-0.30151134457776363,-0.30151134457776363,-0.30780309404646655,0.4060031980380509,1.0581481403524604
Dataset-3,perp_5,37.173.66.63,92.86.217.59,37.173.66.63|92.86.217.59,0,658,340,318,0.5167173252279635,0.4832826747720364,0.9352941176470588,0.0885598923283983,2008-01-19 13:48:46,2008-03-06 13:43:01,1127.9041666666667,18,56.22036474164134,49.0,38.1582261586564,1,236,103.00494672754948,0.35,775.5869456613916,0.974124809741248,0.0,0.0957446808510638,0.2917933130699088,Negative pair,0.1762917933130699,0.0,0.03951367781155015,0.00303951367781155,0.7488584474885844,5.0,0.45454545454545453,1.0,0.09090909090909091,11.0,1.0,4.0,0.36363636363636365,2.0,0.5909090909090909,8.0,0.7272727272727273,-0.03843443869611671,1.11044051346974,0.5946619069877461,0.7179198132401241,-0.7514345540138487,0.04283082078534278,-0.30151134457776363,-0.30151134457776363,-0.33880265177860835,0.05938631190622699,-0.03843443869611697
Dataset-4,perp_6,38.237.149.58,10.247.190.201,10.247.190.201|38.237.149.58,0,623,307,316,0.492776886035313,0.507223113964687,0.971518987341772,0.0534580401578857,2008-01-28 16:56:13,2008-03-25 18:58:11,1370.0327777777777,12,51.51685393258427,44.0,34.987077940963324,2,211,132.1575026795284,0.3166666666666666,1234.3586852189428,0.9823151125401928,0.0,0.2985553772070626,0.146067415730337,Negative pair,0.1637239165329053,0.0,0.09149277688603531,0.05778491171749599,0.7540192926045016,7.0,0.6363636363636364,10.0,0.9090909090909091,3.0,0.2727272727272727,11.0,1.0,3.0,0.6363636363636364,11.0,1.0,-0.7148250201221044,-1.3092190429787578,0.17960964336241775,0.2403329349847266,0.3230054146891329,-1.9961043862560848,-0.46919223008794597,-0.4245370739837971,-0.4523770351864842,0.10802734602175323,-0.7148250201221036
Dataset-4,perp_6,38.237.149.58,101.193.35.52,101.193.35.52|38.237.149.58,0,1293,660,633,0.5104408352668214,0.4895591647331787,0.9590909090909092,0.1109490303758366,2008-01-22 19:39:44,2008-04-08 20:39:23,1848.9941666666664,27,52.875483372003096,46.0,37.493850517418174,1,243,85.86660216718266,0.3333333333333333,836.9236040340172,0.9744582043343654,0.0061871616395978,0.5839133797370456,0.2443928847641144,Negative pair,0.19953596287703015,0.006187161639597835,0.016241299303944315,0.05336426914153132,0.7345201238390093,4.0,0.36363636363636365,4.0,0.36363636363636365,6.0,0.5454545454545454,9.0,0.8181818181818182,2.0,0.18181818181818182,2.0,0.18181818181818182,0.38250062001534796,0.5943023481645308,0.3105431384072062,0.4702166119266387,0.20331684125192262,-0.027073884310675044,1.1474667307486481,1.1760703533082473,-0.17917296271619051,-0.5260015785014849,0.38250062001534835
Dataset-4,perp_6,38.237.149.58,105.235.29.131,105.235.29.131|38.237.149.58,0,444,222,222,0.5,0.5,1.0,0.0380985069504032,2008-01-26 16:43:59,2008-03-11 15:57:23,1079.2233333333334,9,52.10135135135136,44.0,37.617456868280094,3,234,146.1702031602709,0.3166666666666666,1377.5603940945796,0.981941309255079,0.0,0.3603603603603603,0.4842342342342342,Negative pair,0.19144144144144143,0.0,0.07657657657657657,0.02027027027027027,0.7674943566591422,11.0,1.0,11.0,1.0,5.0,0.45454545454545453,10.0,0.9090909090909091,3.0,0.6363636363636364,3.0,0.2727272727272727,-1.0079911239797221,-2.4649739975287854,0.2359386817767257,0.2403329349847266,0.5972917288160806,-1.5696369456302395,-0.46919223008794597,-0.4245370739837971,-0.24092470400599617,0.5461783499540396,-1.0079911239797232
Dataset-4,perp_6,38.237.149.58,119.113.142.239,119.113.142.239|38.237.149.58,0,1028,532,496,0.5175097276264592,0.4824902723735408,0.9323308270676692,0.0882100566329157,2008-01-20 16:48:46,2008-04-06 19:09:22,1850.3433333333328,24,54.27723735408561,47.0,37.305057336420525,1,236,108.10185004868548,0.3333333333333333,986.7643918245012,0.9776046738072056,0.0,0.5924124513618677,0.2850194552529183,Negative pair,0.17801556420233464,0.0,0.02529182879377432,0.053501945525291826,0.7585199610516066,6.0,0.5454545454545454,3.0,0.2727272727272727,10.0,0.9090909090909091,8.0,0.7272727272727273,3.0,0.6363636363636364,10.0,0.9090909090909091,-0.0515162376509578,0.5996642993985847,0.4456326210445935,0.5851584503975947,-0.0543960551246333,0.03157150540722887,-0.46919223008794597,-0.4245370739837971,-0.34334846116758466,0.2543696855066836,-0.051516237650957676
Dataset-4,perp_6,38.237.149.58,140.250.123.172,140.250.123.172|38.237.149.58,0,1684,859,825,0.5100950118764845,0.4899049881235154,0.960419091967404,0.1444997425776557,2008-01-20 16:15:15,2008-04-07 19:39:36,1875.4058333333328,30,53.06294536817102,44.0,37.39110338974336,1,268,66.85938799762329,0.3166666666666666,632.7147439927389,0.9803921568627452,0.0,0.600356294536817,0.1342042755344418,Negative pair,0.1834916864608076,0.0,0.02494061757719715,0.032066508313539195,0.7551990493166963,2.0,0.18181818181818182,2.0,0.18181818181818182,7.0,0.6363636363636364,7.0,0.6363636363636364,3.0,0.6363636363636364,7.0,0.6363636363636364,1.0228802100060104,0.6992694157446039,0.32860917881101104,0.2403329349847266,0.21610790279358622,0.08638570152392133,-0.46919223008794597,-0.4245370739837971,-0.30157204638291324,0.14638794941094121,1.0228802100060101
Dataset-4,perp_6,38.237.149.58,147.199.189.71,147.199.189.71|38.237.149.58,0,513,263,250,0.5126705653021443,0.4873294346978557,0.9505703422053232,0.0440192208683713,2008-01-22 18:15:57,2008-04-02 23:09:59,1708.9005555555557,15,50.30409356725146,42.0,33.54798028635092,2,196,200.26178385416668,0.3166666666666666,1680.3222718265197,0.970703125,0.0,0.6686159844054581,0.0214424951267056,Negative pair,0.1793372319688109,0.0,0.07797270955165692,0.021442495126705652,0.75390625,10.0,0.9090909090909091,8.0,0.7272727272727273,2.0,0.18181818181818182,3.0,0.2727272727272727,3.0,0.6363636363636364,9.0,0.8181818181818182,-0.8949829610401935,0.0375326550351087,0.06273380608279591,0.010449258042814484,0.12125954527848246,0.557391982101478,-0.46919223008794597,-0.4245370739837971,-0.33326568028474157,0.10435168775039612,-0.894982961040194
Dataset-4,perp_6,38.237.149.58,15.148.153.188,15.148.153.188|38.237.149.58,0,1403,702,701,0.5003563791874555,0.4996436208125445,0.9985754985754984,0.1203878496653509,2008-01-23 19:28:14,2008-04-08 18:15:07,1822.7813888888888,21,51.8688524590164,43.0,36.83340651158478,0,285,78.00776271992392,0.3,944.2615303895368,0.9828815977175464,0.0,0.8075552387740556,0.2865288667141838,Negative pair,0.18460441910192446,0.0,0.014255167498218105,0.002851033499643621,0.7674750356633381,3.0,0.2727272727272727,5.0,0.45454545454545453,4.0,0.36363636363636365,1.0,0.09090909090909091,3.0,0.6363636363636364,6.0,0.5454545454545454,0.5626585609334371,0.4901257185263112,0.2135323569288848,0.12539109651377053,0.5835730717625631,1.5161021894333202,-0.46919223008794597,-0.4245370739837971,-0.29308319639644426,0.5455501144462725,0.562658560933437
Dataset-4,perp_6,38.237.149.58,190.105.131.205,190.105.131.205|38.237.149.58,0,2421,1214,1207,0.5014456836018174,0.4985543163981826,0.9942339373970346,0.2077398318174017,2008-01-23 17:14:18,2008-04-02 18:21:49,1681.1252777777777,30,53.27839735646427,45.0,38.00845772190808,1,291,41.680792011019285,0.3166666666666666,500.11908255818,0.9847107438016528,0.0,0.6224700536968195,0.144568360181743,Negative pair,0.18298223874432054,0.0,0.1466336224700537,0.0037174721189591076,0.7747933884297521,1.0,0.09090909090909091,9.0,0.8181818181818182,8.0,0.7272727272727273,4.0,0.36363636363636365,3.0,0.6363636363636364,8.0,0.7272727272727273,2.229938414157208,-0.07285376988653029,0.349372663704766,0.35527477345568265,0.5417616787658512,0.2389753114618605,-0.46919223008794597,-0.4245370739837971,-0.3054585372446059,0.7835114034414548,2.2299384141572074
Dataset-4,perp_6,38.237.149.58,5.120.112.91,38.237.149.58|5.120.112.91,1,588,360,228,0.6122448979591837,0.3877551020408163,0.6333333333333333,0.0504547794748584,2008-01-21 17:39:04,2008-04-08 22:10:02,1876.516111111111,12,18.607142857142858,16.0,15.9298125717608,0,103,191.80743895513916,0.2166666666666666,1994.0015493209685,0.959114139693356,0.0017006802721088,0.7210884353741497,0.2585034013605442,Positive pair,0.6173469387755102,0.0,0.0391156462585034,0.025510204081632654,0.666098807495741,9.0,0.8181818181818182,1.0,0.09090909090909091,1.0,0.09090909090909091,2.0,0.18181818181818182,3.0,0.6363636363636364,1.0,0.09090909090909091,-0.7721480013233145,0.7036819582775516,-2.9919567654038723,-2.978038542202043,-2.9338905967589763,0.9194629790707419,-0.024817222357998145,-0.4245370739837971,3.008236632406791,-2.7507678819942902,-0.7721480013233141
Dataset-4,perp_6,38.237.149.58,89.78.158.239,38.237.149.58|89.78.158.239,0,590,305,285,0.5169491525423728,0.4830508474576271,0.9344262295081968,0.0506263943710314,2008-01-24 16:17:34,2008-04-07 18:04:34,1777.7833333333333,16,54.90508474576272,45.0,40.29397660217402,2,262,181.09847198641765,0.3333333333333333,1512.8281381800236,0.966044142614601,0.011864406779661,0.6016949152542372,0.3966101694915254,Negative pair,0.188135593220339,0.011864406779661017,0.020338983050847456,0.03389830508474576,0.7470288624787776,8.0,0.7272727272727273,7.0,0.6363636363636364,11.0,1.0,6.0,0.5454545454545454,1.0,0.09090909090909091,4.0,0.36363636363636365,-0.7688724023975311,0.31129134210912446,0.5061393721585717,0.35527477345568265,-0.034216287680203364,0.09562246726999309,2.6308883323129173,2.644763312545926,-0.26614446353314286,-0.11927131208367195,-0.7688724023975304
Dataset-4,perp_6,38.237.149.58,90.189.54.151,38.237.149.58|90.189.54.151,0,1067,529,538,0.4957825679475164,0.5042174320524836,0.983271375464684,0.091556547108289,2008-01-23 17:11:17,2008-04-07 20:06:18,1802.9169444444444,22,53.387066541705714,45.0,38.245362124179714,1,332,101.47750156347716,0.3166666666666666,1036.6721796404925,0.974671669793621,0.0,0.6091846298031866,0.0712277413308341,Negative pair,0.1846298031865042,0.0,0.09934395501405811,0.044048734770384255,0.7786116322701688,5.0,0.45454545454545453,6.0,0.5454545454545454,9.0,0.8181818181818182,5.0,0.45454545454545453,3.0,0.6363636363636364,5.0,0.45454545454545453,0.012357941401819273,0.4111790731382645,0.35984530312690194,0.35527477345568265,0.4361867562062014,0.1473030799284587,-0.46919223008794597,-0.4245370739837971,-0.29288954548868884,0.9076642360478955,0.012357941401820187
Dataset-4,perp_7,130.1.207.110,112.173.182.122,112.173.182.122|130.1.207.110,0,2296,1149,1147,0.5004355400696864,0.4995644599303135,0.9982593559617058,0.2429115531104528,2008-06-21 14:14:18,2008-08-11 16:07:01,1225.878611111111,27,53.48170731707317,45.0,38.28656635995962,1,291,32.04911401597676,0.3166666666666666,338.45778619605755,0.9856209150326798,0.0,0.0705574912891986,0.5605400696864111,Negative pair,0.18249128919860627,0.0,0.15461672473867596,0.11106271777003485,0.7742919389978213,1.0,0.09090909090909091,5.0,0.45454545454545453,9.0,0.8181818181818182,7.0,0.6363636363636364,2.0,0.5909090909090909,9.0,0.8181818181818182,2.4915950204074258,0.2646339132841244,0.3517032298613771,0.3335716338606966,1.136905460446311,-0.3547457296636077,-0.3015113445777636,-0.3015113445777636,-0.3429247546944085,0.8663904945466724,2.491595020407426
Dataset-4,perp_7,130.1.207.110,128.241.181.142,128.241.181.142|130.1.207.110,0,444,222,222,0.5,0.5,1.0,0.0469741853575962,2008-06-24 13:43:59,2008-08-08 12:57:23,1079.2233333333334,9,52.10135135135136,44.0,37.617456868280094,3,234,146.1702031602709,0.3166666666666666,1377.5603940945796,0.981941309255079,0.0,0.0,0.3243243243243243,Negative pair,0.19144144144144143,0.0,0.07657657657657657,0.02027027027027027,0.7674943566591422,9.0,0.8181818181818182,10.0,0.9090909090909091,5.0,0.45454545454545453,11.0,1.0,2.0,0.5909090909090909,6.0,0.5454545454545454,-0.7201724913452999,-0.8537932752749012,0.21639156129927928,0.2272154607456918,1.1891535886331337,-0.7057707062763947,-0.3015113445777636,-0.3015113445777636,-0.27763112503388004,0.4708210857542031,-0.7201724913453004
Dataset-4,perp_7,130.1.207.110,154.160.223.218,130.1.207.110|154.160.223.218,0,354,187,167,0.5282485875706214,0.4717514124293785,0.893048128342246,0.0374523910283537,2008-06-22 13:17:34,2008-08-11 15:39:43,1202.3691666666666,10,54.01412429378531,44.5,39.08150722891822,2,262,204.3686968838527,0.3333333333333333,1757.1735957979247,0.9660056657223796,0.0,0.019774011299435,0.1723163841807909,Negative pair,0.2062146892655367,0.0,0.03389830508474576,0.005649717514124294,0.7365439093484419,10.0,0.9090909090909091,8.0,0.7272727272727273,10.0,0.9090909090909091,10.0,0.9090909090909091,2.0,0.5909090909090909,2.0,0.18181818181818182,-0.876251906063305,0.08534543316255346,0.4038942815022011,0.2803935473031942,-2.0211725764287776,-0.6073945916059493,-0.3015113445777636,-0.3015113445777636,-0.16985653683267118,-1.3302678212372827,-0.8762519060633055
Dataset-4,perp_7,130.1.207.110,154.99.212.131,130.1.207.110|154.99.212.131,0,1409,719,690,0.5102909865152591,0.4897090134847409,0.9596662030598052,0.1490689801100296,2008-06-18 13:15:15,2008-08-10 17:01:15,1275.7666666666669,22,53.3264726756565,44.0,37.40907901484561,1,268,54.36505681818182,0.3166666666666666,545.5531576853097,0.9822443181818182,0.0,0.098651525904897,0.190915542938254,Negative pair,0.18310858765081617,0.0,0.029808374733853796,0.11781405251951739,0.7542613636363636,2.0,0.18181818181818182,3.0,0.2727272727272727,8.0,0.7272727272727273,5.0,0.45454545454545453,2.0,0.5909090909090909,8.0,0.7272727272727273,0.9533456775755318,0.6450918044908975,0.3364860982878228,0.2272154607456918,-0.02152782952616943,-0.21497732713476023,-0.3015113445777636,-0.3015113445777636,-0.33842140598758885,-0.29924199929149625,0.953345677575532
Dataset-4,perp_7,130.1.207.110,162.237.223.192,130.1.207.110|162.237.223.192,0,658,340,318,0.5167173252279635,0.4832826747720364,0.9352941176470588,0.0696148963182395,2008-06-18 13:48:46,2008-08-04 13:43:01,1127.9041666666667,18,56.22036474164134,49.0,38.1582261586564,1,236,103.00494672754948,0.35,775.5869456613916,0.974124809741248,0.0,0.0957446808510638,0.4057750759878419,Negative pair,0.1762917933130699,0.0,0.03951367781155015,0.00303951367781155,0.7488584474885844,6.0,0.5454545454545454,9.0,0.8181818181818182,11.0,1.0,6.0,0.5454545454545454,2.0,0.5909090909090909,10.0,0.9090909090909091,-0.34905032746026576,-0.48254194094371644,0.6201646376001538,0.7589963263207159,-0.7530937412293227,-0.2294389413219273,-0.3015113445777636,-0.3015113445777636,-0.3881516488800605,-0.6136520703797429,-0.3490503274602654
Dataset-4,perp_7,130.1.207.110,172.104.18.18,130.1.207.110|172.104.18.18,0,1073,545,528,0.5079217148182665,0.4920782851817334,0.9688073394495412,0.1135209479475243,2008-06-20 16:39:44,2008-08-14 14:08:54,1317.486111111111,21,53.22087604846226,46.0,37.87907689390177,1,243,73.73989427860697,0.3333333333333333,803.3221663287279,0.9757462686567164,0.0,0.1584342963653308,0.1994408201304753,Negative pair,0.1929170549860205,0.0,0.0195712954333644,0.09133271202236719,0.7378731343283582,3.0,0.2727272727272727,2.0,0.18181818181818182,7.0,0.6363636363636364,3.0,0.2727272727272727,2.0,0.5909090909090909,4.0,0.36363636363636365,0.37064919596164636,0.9632539713441555,0.3261348148689038,0.43992780697570144,0.25285754471278177,0.08244319079022941,-0.3015113445777636,-0.3015113445777636,-0.26686615012756665,-1.2529166817790975,0.3706491959616467
Dataset-4,perp_7,130.1.207.110,24.227.196.234,130.1.207.110|24.227.196.234,1,957,497,460,0.5193312434691745,0.4806687565308254,0.9255533199195172,0.1012484130342784,2008-06-19 23:09:05,2008-08-14 16:02:56,1336.8975,19,19.415882967607107,14.0,18.580685654538744,1,150,83.90570083682009,0.275,814.4233501676018,0.9654811715481172,0.1494252873563218,0.7262277951933125,0.1295715778474399,Positive pair,0.6415882967607106,0.14942528735632185,0.12330198537095088,0.11180773249738767,0.7719665271966527,4.0,0.36363636363636365,1.0,0.09090909090909091,1.0,0.09090909090909091,1.0,0.09090909090909091,1.0,0.09090909090909091,1.0,0.09090909090909091,0.16948017254732875,1.1112897285974528,-2.9876553473004246,-2.963469732704453,-1.045478879783702,2.9072275759104587,3.0151134457776356,3.015113445777636,3.0063043060753194,0.731068592500238,0.1694801725473285
Dataset-4,perp_7,130.1.207.110,35.214.20.54,130.1.207.110|35.214.20.54,0,559,275,284,0.4919499105545617,0.5080500894454383,0.9683098591549296,0.0591409225560727,2008-06-26 13:56:13,2008-08-01 14:50:41,864.9077777777778,10,51.51878354203936,44.0,35.39568191660304,2,211,93.00083632019115,0.3166666666666666,863.006928285004,0.9838709677419356,0.0,0.1198568872987477,0.0,Negative pair,0.16815742397137745,0.0,0.10196779964221825,0.30590339892665475,0.7508960573476703,8.0,0.7272727272727273,11.0,1.0,2.0,0.18181818181818182,4.0,0.36363636363636365,2.0,0.5909090909090909,11.0,1.0,-0.5207376836500713,-2.488213446826247,0.1592843916371751,0.2272154607456918,0.23792490275299458,-0.10948021617835553,-0.3015113445777636,-0.3015113445777636,-0.44749393545888394,-0.4950781293592769,-0.5207376836500719
Dataset-4,perp_7,130.1.207.110,63.121.6.53,130.1.207.110|63.121.6.53,0,748,364,384,0.4866310160427807,0.5133689839572193,0.9479166666666666,0.079136690647482,2008-06-21 16:28:14,2008-08-11 15:04:34,1222.6055555555556,13,51.69919786096256,42.0,36.11648044569654,0,205,98.2012494422133,0.3,1180.821447465686,0.9785809906291834,0.0,0.1697860962566845,0.5628342245989305,Negative pair,0.1925133689839572,0.0,0.026737967914438502,0.02406417112299465,0.785809906291834,5.0,0.45454545454545453,7.0,0.6363636363636364,3.0,0.2727272727272727,2.0,0.18181818181818182,2.0,0.5909090909090909,5.0,0.45454545454545453,-0.19297091274226075,0.23967283190699018,0.17696980259798314,0.014503114515682133,-0.374208371956913,0.13891862973466207,-0.3015113445777636,-0.3015113445777636,-0.2698111418553844,1.5366516677079716,-0.19297091274226022
Dataset-4,perp_7,130.1.207.110,77.38.27.156,130.1.207.110|77.38.27.156,0,335,170,165,0.5074626865671642,0.4925373134328358,0.9705882352941176,0.0354422344477359,2008-06-20 15:15:57,2008-08-10 14:07:36,1222.8608333333334,11,51.72238805970149,44.0,35.424807147835686,2,196,219.6755988023952,0.3166666666666666,1912.975453421129,0.9700598802395208,0.0,0.0626865671641791,0.2417910447761194,Negative pair,0.191044776119403,0.0,0.11940298507462686,0.08656716417910448,0.7455089820359282,11.0,1.0,6.0,0.5454545454545454,4.0,0.36363636363636365,8.0,0.7272727272727273,2.0,0.5909090909090909,7.0,0.6363636363636364,-0.909202004725995,0.24161963949296902,0.17924306005009952,0.2272154607456918,0.3063138932411078,-0.3939037397688926,-0.3015113445777636,-0.3015113445777636,-0.28052489912102874,-0.8085663800364157,-0.9092020047259946
Dataset-4,perp_7,130.1.207.110,81.247.210.209,130.1.207.110|81.247.210.209,0,619,310,309,0.5008077544426495,0.4991922455573506,0.9967741935483873,0.0654887854422344,2008-06-21 14:11:17,2008-08-11 17:14:52,1227.0597222222225,13,52.11147011308562,44.0,37.2913540452771,1,332,119.13201186623516,0.3166666666666666,1250.2448958822322,0.970873786407767,0.0,0.0387722132471728,0.4168012924071082,Negative pair,0.1987075928917609,0.0,0.17124394184168013,0.2310177705977383,0.7799352750809061,7.0,0.6363636363636364,4.0,0.36363636363636365,6.0,0.5454545454545454,9.0,0.8181818181818182,2.0,0.5909090909090909,3.0,0.2727272727272727,-0.41668474050473464,0.27364134076571756,0.21738346959543337,0.2272154607456918,1.0923260091385292,-0.5128781444854635,-0.3015113445777636,-0.3015113445777636,-0.2246227080838479,1.194791241574156,-0.41668474050473464
Dataset-5,perp_8,109.245.208.104,103.216.56.231,103.216.56.231|109.245.208.104,0,116,57,59,0.4913793103448275,0.5086206896551724,0.9661016949152542,0.0460866110448947,2008-06-26 14:56:13,2008-07-03 14:56:57,168.01222222222222,2,51.23275862068966,47.0,34.48446870759624,2,180,87.65855072463768,0.35,932.022311131128,0.991304347826087,0.0,0.0,0.0,Negative pair,0.14655172413793102,0.0,0.49137931034482757,0.5086206896551724,0.8434782608695652,8.0,0.7272727272727273,7.0,0.6363636363636364,4.0,0.36363636363636365,6.0,0.7727272727272727,3.0,0.6363636363636364,9.0,0.8181818181818182,-0.5132588778153504,-0.09271661781882898,0.16546730938048404,0.5724521055541308,0.9711524531303475,-0.5019810139611518,-0.43519676617214736,-0.43519676617214736,-0.4622299108735694,1.7467484656067995,-0.5132588778153501
Dataset-5,perp_8,109.245.208.104,105.207.84.70,105.207.84.70|109.245.208.104,0,73,37,36,0.5068493150684932,0.4931506849315068,0.972972972972973,0.0290027810885975,2008-06-20 16:15:57,2008-06-21 15:07:17,22.855555555555554,2,52.602739726027394,44.0,33.91114082342197,3,144,19.046296296296298,0.325,157.34017778344017,0.9861111111111112,0.0,0.0,0.4520547945205479,Negative pair,0.1232876712328767,0.0,0.547945205479452,0.4520547945205479,0.7916666666666666,10.0,0.9090909090909091,10.0,0.9090909090909091,6.0,0.5454545454545454,6.0,0.7727272727272727,3.0,0.6363636363636364,11.0,1.0,-0.7088845419625387,-1.2687405053271077,0.30162877353033124,0.2701973938215496,1.1211523064283453,-0.5019810139611518,-0.43519676617214736,-0.43519676617214736,-0.6144985381741729,0.726019449173227,-0.7088845419625386
Dataset-5,perp_8,109.245.208.104,122.53.194.247,109.245.208.104|122.53.194.247,0,130,69,61,0.5307692307692308,0.4692307692307692,0.8840579710144928,0.0516487882399682,2008-06-18 14:15:15,2008-06-28 19:21:23,245.10222222222225,4,54.01538461538462,42.0,36.22196201953145,4,171,114.00103359173129,0.3,833.5768202624536,0.9689922480620154,0.0,0.0461538461538461,0.0461538461538461,Negative pair,0.16923076923076924,0.0,0.3230769230769231,0.046153846153846156,0.7364341085271318,7.0,0.6363636363636364,4.0,0.36363636363636365,9.0,0.8181818181818182,5.0,0.45454545454545453,3.0,0.6363636363636364,7.0,0.6363636363636364,-0.4495668011162658,0.531847748185809,0.4420305613427696,0.06869425266649552,-0.8198602879871739,-0.2925369971688712,-0.43519676617214736,-0.43519676617214736,-0.31379029552070453,-0.36210523821042206,-0.44956680111626546
Dataset-5,perp_8,109.245.208.104,157.218.190.225,109.245.208.104|157.218.190.225,0,106,49,57,0.4622641509433962,0.5377358490566038,0.8596491228070176,0.0421136273341279,2008-06-21 15:11:17,2008-06-21 15:51:28,0.6697222222222222,1,53.64150943396226,46.0,34.995198775607065,5,174,0.3826984126984127,0.35,0.2506913594888108,1.0,0.0,0.0,1.0,Negative pair,0.14150943396226415,0.0,1.0,1.0,0.8,9.0,0.8181818181818182,11.0,1.0,8.0,0.7272727272727273,6.0,0.7727272727272727,3.0,0.6363636363636364,10.0,0.9090909090909091,-0.5587532183146965,-1.4484847124890987,0.40487136847988137,0.47170053497660375,-1.3527049232266772,-0.5019810139611518,-0.43519676617214736,-0.43519676617214736,-0.4952328707032088,0.8901926476205864,-0.5587532183146963
Dataset-5,perp_8,109.245.208.104,160.61.156.25,109.245.208.104|160.61.156.25,0,136,71,65,0.5220588235294118,0.4779411764705882,0.9154929577464788,0.0540325784664282,2008-06-21 17:28:14,2008-06-25 18:04:29,96.60416666666669,3,48.52941176470589,36.0,36.517711491756366,0,205,42.93518518518519,0.2833333333333333,377.4983277627187,0.9703703703703704,0.0,0.0735294117647058,0.1470588235294117,Negative pair,0.19117647058823528,0.0,0.14705882352941177,0.7794117647058824,0.7777777777777778,6.0,0.5454545454545454,8.0,0.7272727272727273,2.0,0.18181818181818182,3.0,0.2727272727272727,3.0,0.6363636363636364,5.0,0.45454545454545453,-0.4222701968166581,-0.6712472566264499,-0.10321644441836243,-0.5358151707986668,-0.13363519876588129,-0.16830794799305776,-0.43519676617214736,-0.43519676617214736,-0.17015058517065018,0.45239745176096535,-0.4222701968166586
Dataset-5,perp_8,109.245.208.104,165.211.47.105,109.245.208.104|165.211.47.105,0,67,36,31,0.5373134328358209,0.4626865671641791,0.8611111111111112,0.0266189908621374,2008-06-22 14:17:34,2008-06-24 15:06:19,48.8125,2,50.865671641791046,45.0,36.65445566464308,4,197,44.375,0.3333333333333333,269.1378055366948,0.9696969696969696,0.1044776119402985,0.0,0.1791044776119403,Negative pair,0.208955223880597,0.1044776119402985,0.1791044776119403,0.8208955223880597,0.7272727272727273,11.0,1.0,9.0,0.8181818181818182,3.0,0.2727272727272727,6.0,0.7727272727272727,2.0,0.18181818181818182,2.0,0.18181818181818182,-0.7361811462621464,-1.0584436762914085,0.12898279122002593,0.3709489643990767,-1.3207897497618102,-0.5019810139611518,1.399419058664991,1.399419058664991,-0.053784517315128205,-0.5425916297381717,-0.7361811462621466
Dataset-5,perp_8,109.245.208.104,166.59.176.54,109.245.208.104|166.59.176.54,0,154,76,78,0.4935064935064935,0.5064935064935064,0.9743589743589745,0.0611839491458085,2008-06-24 14:43:59,2008-07-02 17:18:26,194.57416666666663,4,52.08441558441559,42.5,35.89739188491245,6,178,76.30359477124183,0.3,545.970014172909,0.9803921568627452,0.0,0.0,0.5,Negative pair,0.16883116883116883,0.0,0.22077922077922077,0.1038961038961039,0.738562091503268,4.0,0.36363636363636365,6.0,0.5454545454545454,5.0,0.45454545454545453,6.0,0.7727272727272727,3.0,0.6363636363636364,8.0,0.7272727272727273,-0.3403803839178351,0.1224817735652005,0.25011289951491733,0.11907003795525906,1.151408687093583,-0.5019810139611518,-0.43519676617214736,-0.43519676617214736,-0.3164057729082541,-0.32018230563836414,-0.34038038391783465
Dataset-5,perp_8,109.245.208.104,210.234.112.124,109.245.208.104|210.234.112.124,0,145,76,69,0.5241379310344828,0.4758620689655172,0.9078947368421052,0.0576082638061183,2008-06-18 14:48:46,2008-07-02 16:17:50,337.4844444444444,6,54.39310344827586,47.0,37.54249023609422,3,216,140.61851851851853,0.35,949.1186436086324,0.9652777777777778,0.0,0.0689655172413793,0.0689655172413793,Negative pair,0.19310344827586207,0.0,0.1793103448275862,0.2689655172413793,0.7430555555555556,5.0,0.45454545454545453,1.0,0.09090909090909091,10.0,0.9090909090909091,4.0,0.36363636363636365,3.0,0.6363636363636364,4.0,0.36363636363636365,-0.3813252903672466,1.28030596653218,0.47957177203761614,0.5724521055541308,-0.2995041988860996,-0.1890186900186633,-0.43519676617214736,-0.43519676617214736,-0.1575380688334786,-0.2316575417696912,-0.3813252903672472
Dataset-5,perp_8,109.245.208.104,45.245.166.211,109.245.208.104|45.245.166.211,0,289,149,140,0.5155709342560554,0.4844290657439446,0.9395973154362416,0.1148192292411601,2008-06-20 17:39:44,2008-07-03 14:42:48,309.0511111111111,7,54.98615916955017,47.0,39.44870720914609,1,243,64.38564814814815,0.3333333333333333,575.4859819181534,0.9722222222222222,0.0,0.314878892733564,0.1557093425605536,Negative pair,0.17301038062283736,0.0,0.0726643598615917,0.03806228373702422,0.6979166666666666,3.0,0.2727272727272727,3.0,0.2727272727272727,11.0,1.0,2.0,0.18181818181818182,3.0,0.6363636363636364,6.0,0.5454545454545454,0.27379321282333763,1.0499460390872215,0.5385151655023359,0.5724521055541308,0.392562414972842,0.9269248214786878,-0.43519676617214736,-0.43519676617214736,-0.2890518614761835,-1.1209290333595463,0.27379321282333785
Dataset-5,perp_8,109.245.208.104,72.135.182.87,109.245.208.104|72.135.182.87,0,736,373,363,0.5067934782608695,0.4932065217391304,0.9731903485254692,0.2924116011124354,2008-06-21 15:14:18,2008-06-30 15:12:02,215.9622222222222,5,53.150815217391305,45.0,39.44672142088816,1,291,17.629569160997733,0.3166666666666666,287.29186480600964,0.9931972789115646,0.0,0.0,0.9171195652173914,Negative pair,0.20244565217391305,0.0,0.48233695652173914,0.016304347826086956,0.7836734693877551,1.0,0.09090909090909091,5.0,0.45454545454545453,7.0,0.6363636363636364,6.0,0.7727272727272727,3.0,0.6363636363636364,3.0,0.2727272727272727,2.3073902331441096,0.2957625798711746,0.356101613395053,0.3709489643990767,1.1258976100983606,-0.5019810139611518,-0.43519676617214736,-0.43519676617214736,-0.09639117541279202,0.5685471976012717,2.307390233144109
Dataset-5,perp_8,109.245.208.104,95.103.128.103,109.245.208.104|95.103.128.103,1,565,265,300,0.4690265486725664,0.5309734513274337,0.8833333333333333,0.2244735796583234,2008-06-19 22:01:56,2008-07-03 20:55:21,334.8902777777778,9,19.74513274336283,13.0,23.25553694141908,1,232,35.62662529550827,0.2,377.3125741006865,0.9680851063829788,0.168141592920354,0.7132743362831858,0.0053097345132743,Positive pair,0.6707964601769911,0.168141592920354,0.3893805309734513,0.02831858407079646,0.6631205673758865,2.0,0.18181818181818182,2.0,0.18181818181818182,1.0,0.09090909090909091,1.0,0.09090909090909091,1.0,0.09090909090909091,1.0,0.09090909090909091,1.5294370106052906,1.2592886613113083,-2.9640658099850428,-2.8531012940817893,-0.8356791130958482,2.734824897468816,2.517351836884335,2.517351836884335,2.969073596388141,-1.8064394630466503,1.529437010605291
Dataset-5,perp_9,21.134.179.200,103.92.58.6,103.92.58.6|21.134.179.200,0,154,76,78,0.4935064935064935,0.5064935064935064,0.9743589743589745,0.0443293033966609,2008-09-21 15:43:59,2008-09-29 18:18:26,194.57416666666663,4,52.08441558441559,42.5,35.89739188491245,6,178,76.30359477124183,0.3,545.970014172909,0.9803921568627452,0.0,0.6038961038961039,0.2207792207792207,Negative pair,0.16883116883116883,0.0,0.22077922077922077,0.1038961038961039,0.738562091503268,8.0,0.7272727272727273,10.0,0.9090909090909091,5.0,0.45454545454545453,1.0,0.09090909090909091,3.0,0.6363636363636364,8.0,0.7272727272727273,-0.5266444138487159,-1.361728616612848,0.1885439226842934,-0.02176821186365306,1.1340115495865486,1.440219095921735,-0.44722461779073297,-0.44722461779073297,-0.3058720132767807,-0.6856514570940814,-0.5266444138487155
Dataset-5,perp_9,21.134.179.200,130.248.193.60,130.248.193.60|21.134.179.200,0,91,49,42,0.5384615384615384,0.4615384615384615,0.8571428571428571,0.0261945883707541,2008-09-19 15:17:34,2008-10-05 17:09:58,385.8733333333333,3,51.91208791208791,48.0,34.40982748443757,4,197,257.24888888888887,0.3583333333333333,2128.075459530408,0.9666666666666668,0.0769230769230769,0.0,0.8681318681318682,Negative pair,0.17582417582417584,0.07692307692307693,0.13186813186813187,0.26373626373626374,0.7555555555555555,11.0,1.0,6.0,0.5454545454545454,4.0,0.36363636363636365,10.0,0.9545454545454546,2.0,0.18181818181818182,7.0,0.6363636363636364,-0.7316806940718396,0.3263745386131559,0.16835633022088725,0.6367201970118591,-1.1375776185604054,-1.2491809962669618,1.789450259710484,1.7894502597104838,-0.24011992141857944,-0.15641959736182343,-0.7316806940718399
Dataset-5,perp_9,21.134.179.200,150.227.197.27,150.227.197.27|21.134.179.200,0,136,71,65,0.5220588235294118,0.4779411764705882,0.9154929577464788,0.0391479562464018,2008-09-18 18:28:14,2008-09-22 19:04:29,96.60416666666669,3,48.52941176470589,36.0,36.517711491756366,0,205,42.93518518518519,0.2833333333333333,377.4983277627187,0.9703703703703704,0.0,0.2573529411764705,0.0735294117647058,Negative pair,0.19117647058823528,0.0,0.14705882352941177,0.7794117647058824,0.7777777777777778,9.0,0.8181818181818182,11.0,1.0,2.0,0.18181818181818182,6.0,0.5454545454545454,3.0,0.6363636363636364,3.0,0.2727272727272727,-0.5852262081981797,-2.226256512887835,-0.22791251375900165,-0.7999817859892583,-0.006782130367536005,-0.10308149461475821,-0.44722461779073297,-0.44722461779073297,-0.09576921555341117,0.5356528345957481,-0.5852262081981798
Dataset-5,perp_9,21.134.179.200,153.97.142.140,153.97.142.140|21.134.179.200,0,187,97,90,0.5187165775401069,0.481283422459893,0.9278350515463918,0.0538284398388025,2008-09-15 15:48:46,2008-10-02 17:52:30,410.0622222222222,7,55.80213903743316,48.0,37.58254225109759,3,216,132.27813620071686,0.35,892.4014933422428,0.967741935483871,0.0,0.1336898395721925,0.1283422459893048,Negative pair,0.17647058823529413,0.0,0.13903743315508021,0.22459893048128343,0.7580645161290323,6.0,0.5454545454545454,4.0,0.36363636363636365,11.0,1.0,8.0,0.7272727272727273,3.0,0.6363636363636364,6.0,0.5454545454545454,-0.41924445754136536,0.5398273223667598,0.6240624029574852,0.6367201970118591,0.23240141583749985,-0.6538046317723104,-0.44722461779073297,-0.44722461779073297,-0.23404199696109868,-0.07828238730209734,-0.4192444575413654
Dataset-5,perp_9,21.134.179.200,197.183.168.158,197.183.168.158|21.134.179.200,1,737,398,339,0.5400271370420624,0.4599728629579376,0.8517587939698492,0.2121473805411629,2008-09-16 18:14:00,2008-10-05 18:14:38,456.0105555555556,12,25.55359565807327,20.0,25.49632513950612,0,313,37.174773550724645,0.35,402.3472495262496,0.9565217391304348,0.0922659430122116,0.5807327001356852,0.2103120759837177,Positive pair,0.5156037991858887,0.09226594301221167,0.09497964721845319,0.09633649932157395,0.8084239130434783,2.0,0.18181818181818182,2.0,0.18181818181818182,1.0,0.09090909090909091,2.0,0.18181818181818182,1.0,0.09090909090909091,1.0,0.09090909090909091,1.3707548142478094,0.9452944649002762,-2.91945012817598,-2.715584429990748,-1.2419180443900193,1.3370628413826402,2.235571300406112,2.235571300406113,2.9546746825573016,1.4900733759502778,1.370754814247809
Dataset-5,perp_9,21.134.179.200,203.129.27.148,203.129.27.148|21.134.179.200,0,310,160,150,0.5161290322580645,0.4838709677419355,0.9375,0.0892343120322395,2008-09-17 18:39:44,2008-10-03 15:14:00,380.5711111111111,9,54.016129032258064,46.0,38.841153738339,1,243,73.89730312837109,0.3333333333333333,583.0235606819323,0.9676375404530744,0.0,0.3612903225806451,0.4064516129032258,Negative pair,0.18064516129032257,0.0,0.06774193548387097,0.0032258064516129032,0.6925566343042071,3.0,0.2727272727272727,7.0,0.6363636363636364,8.0,0.7272727272727273,5.0,0.45454545454545453,3.0,0.6363636363636364,4.0,0.36363636363636365,-0.018935529486695385,0.2795855315358852,0.4148374907130789,0.39726986651167284,0.41970323694658757,0.35979482024606735,-0.44722461779073297,-0.44722461779073297,-0.19479036869052946,-2.1184113462124112,-0.01893552948669505
Dataset-5,perp_9,21.134.179.200,217.237.30.140,21.134.179.200|217.237.30.140,0,184,85,99,0.4619565217391304,0.5380434782608695,0.8585858585858586,0.052964881980426,2008-09-18 16:11:17,2008-10-05 17:45:42,409.5736111111111,4,54.59782608695652,47.5,35.45007505437835,5,174,134.28642987249543,0.3333333333333333,1503.0395891040948,0.9836065573770492,0.0,0.0,0.217391304347826,Negative pair,0.15217391304347827,0.0,0.5760869565217391,0.21739130434782608,0.7868852459016393,7.0,0.6363636363636364,5.0,0.45454545454545453,9.0,0.8181818181818182,10.0,0.9545454545454546,3.0,0.6363636363636364,10.0,0.9090909090909091,-0.4290080899329427,0.5355156153545576,0.48298129442608395,0.5768576143868125,-1.109612979179808,-1.2491809962669618,-0.44722461779073297,-0.44722461779073297,-0.4624926792868437,0.8192890772013088,-0.42900808993294254
Dataset-5,perp_9,21.134.179.200,22.106.186.33,21.134.179.200|22.106.186.33,0,118,63,55,0.5338983050847458,0.4661016949152542,0.873015873015873,0.0339666090961427,2008-09-17 17:15:57,2008-10-01 20:04:37,338.8111111111112,3,55.77966101694916,47.5,36.6825907983842,3,196,173.74928774928776,0.3333333333333333,1746.6561744419012,0.9829059829059827,0.0,0.3813559322033898,0.0,Negative pair,0.11864406779661017,0.0,0.3389830508474576,0.3813559322033898,0.7606837606837606,10.0,0.9090909090909091,8.0,0.7272727272727273,10.0,0.9090909090909091,4.0,0.36363636363636365,3.0,0.6363636363636364,11.0,1.0,-0.6438080025476437,-0.08892202127051914,0.6214291803833872,0.5768576143868125,-0.829966585373838,0.44915531126608604,-0.44722461779073297,-0.44722461779073297,-0.7777586967337015,0.0032894253976153355,-0.643808002547644
Dataset-5,perp_9,21.134.179.200,42.134.130.216,21.134.179.200|42.134.130.216,0,1073,545,528,0.5079217148182665,0.4920782851817334,0.9688073394495412,0.3088658606793322,2008-09-18 16:14:18,2008-10-05 22:55:22,414.68444444444447,9,53.125815470643055,45.0,38.65892646522981,1,291,23.20995024875622,0.3166666666666666,316.39916459796257,0.9897388059701492,0.0,0.2479030754892824,0.0792171481826654,Negative pair,0.19757688723205966,0.0,0.33084808946877914,0.06803355079217148,0.7789179104477612,1.0,0.09090909090909091,3.0,0.2727272727272727,7.0,0.6363636363636364,7.0,0.6363636363636364,3.0,0.6363636363636364,2.0,0.18181818181818182,2.464281642104469,0.5806157275305172,0.3105403276181592,0.2775447012615797,1.0264236681135308,-0.14516567016470827,-0.44722461779073297,-0.44722461779073297,-0.03558898357075468,0.5711602821308829,2.4642816421044684
Dataset-5,perp_9,21.134.179.200,75.184.67.133,21.134.179.200|75.184.67.133,0,254,133,121,0.5236220472440944,0.4763779527559055,0.9097744360902256,0.0731145653425446,2008-09-15 15:15:15,2008-10-04 17:56:26,458.68638888888887,5,52.90157480314961,42.0,36.4781532812632,2,193,108.77938076416336,0.2833333333333333,996.8192424225504,0.9802371541501976,0.0,0.0236220472440944,0.4881889763779528,Negative pair,0.17716535433070865,0.0,0.16535433070866143,0.4881889763779528,0.7272727272727273,4.0,0.36363636363636365,1.0,0.09090909090909091,6.0,0.5454545454545454,9.0,0.8181818181818182,3.0,0.6363636363636364,5.0,0.45454545454545453,-0.20119000079613863,0.9689071275771071,0.28427130681648455,-0.08163079448869962,-0.1176041927312634,-1.1439822118633403,-0.44722461779073297,-0.44722461779073297,-0.22750942461112938,-1.0372390562169118,-0.20119000079613855
Dataset-5,perp_9,21.134.179.200,97.51.55.118,21.134.179.200|97.51.55.118,0,230,115,115,0.5,0.5,1.0,0.0662061024755325,2008-09-23 15:56:13,2008-10-05 20:15:11,292.3161111111111,4,50.92173913043478,47.0,33.97854766353694,2,180,76.58937409024746,0.3333333333333333,768.852270154882,0.9868995633187772,0.0,0.4956521739130435,0.0478260869565217,Negative pair,0.1608695652173913,0.0,0.24782608695652175,0.04782608695652174,0.7816593886462883,5.0,0.45454545454545453,9.0,0.8181818181818182,3.0,0.2727272727272727,3.0,0.2727272727272727,3.0,0.6363636363636364,9.0,0.8181818181818182,-0.27929905992875714,-0.499213177107057,0.05234038611512193,0.516995031761766,1.6309216801186925,0.9581639321325127,-0.44722461779073297,-0.44722461779073297,-0.380731382454472,0.656538848911482,-0.2792990599287571
